Index,Player,Nation,Position,Age,Matches Played (MP),Starts,Minutes Played (Min),90s Played (90s),Goals (Gls),Assists (Ast),Goals + Assists (G+A),Non-Penalty Goals (G-PK),Penalty Kicks Made (PK),Penalty Kicks Attempted (PKatt),Yellow Cards (CrdY),Red Cards (CrdR),Expected Goals (xG),Non-Penalty xG (npxG),Expected Assisted Goals (xAG),Non-Penalty xG + Assisted Goals (npxG+xAG),Progressive Carries (PrgC),Progressive Passes (PrgP),Progressive Passes Received (PrgR),Goals per 90 Minutes (Gls/90),Assists per 90 Minutes (Ast/90),Goals + Assists per 90 Minutes (G+A/90),Non-Penalty Goals per 90 Minutes (G-PK/90),Goals + Assists minus Penalty Kicks per 90 Minutes (G+A-PK/90),Expected Goals per 90 Minutes (xG/90),Expected Assisted Goals per 90 Minutes (xAG/90),Expected Goals + Assisted Goals per 90 Minutes (xG+xAG/90),Non-Penalty Expected Goals per 90 Minutes (npxG/90),Non-Penalty xG + Assisted Goals per 90 Minutes (npxG+xAG/90),Team,Season,Matches Played (MP)
0,Unai Simï¿½,es ESP,GK,26,36,36,3182,35.4,0,0,0,0,0,0,2,0,0,0,0,0,0,0,0,0,0,0,0,0,0,0,0,0,0,Athletic Club,2023-2024,
1,Iï¿½ï¿½aki Will,gh GHA,FW,29,34,32,2844,31.6,12,3,15,12,0,0,4,0,9.4,9.4,6.3,15.8,114,78,333,0.38,0.09,0.47,0.38,0.47,0.3,0.2,0.5,0.3,0.5,Athletic Club,2023-2024,
2,Daniel Vivian,es ESP,DF,24,33,31,2878,32,0,0,0,0,0,0,6,0,0.6,0.6,0.7,1.3,23,123,4,0,0,0,0,0,0.02,0.02,0.04,0.02,0.04,Athletic Club,2023-2024,
3,Aitor Paredes,es ESP,DF,23,34,31,2704,30,1,0,1,1,0,0,9,1,1.2,1.2,0.2,1.4,6,107,1,0.03,0,0.03,0.03,0.03,0.04,0.01,0.05,0.04,0.05,Athletic Club,2023-2024,
4,Gorka Guruzeta,es ESP,FW,26,32,30,2217,24.6,14,5,19,14,0,1,2,0,11.6,10.8,2.4,13.2,18,55,102,0.57,0.2,0.77,0.57,0.77,0.47,0.1,0.57,0.44,0.54,Athletic Club,2023-2024,
5,Nico Williams,es ESP,FW,21,31,29,2263,25.1,5,11,16,5,0,0,6,1,6,6,5.7,11.7,143,66,302,0.2,0.44,0.64,0.2,0.64,0.24,0.22,0.46,0.24,0.46,Athletic Club,2023-2024,
6,ýýscar de Marcos,es ESP,DF,34,28,26,2258,25.1,1,5,6,1,0,0,5,0,0.6,0.6,3.1,3.7,51,143,125,0.04,0.2,0.24,0.04,0.24,0.03,0.12,0.15,0.03,0.15,Athletic Club,2023-2024,
7,Iï¿½ï¿½igo Ruiz de Galar,es ESP,MF,29,29,25,2091,23.2,1,1,2,1,0,0,7,0,0.3,0.3,2.3,2.6,26,147,36,0.04,0.04,0.09,0.04,0.09,0.01,0.1,0.11,0.01,0.11,Athletic Club,2023-2024,
8,Oihan Sancet,es ESP,MF,23,30,25,1975,21.9,4,5,9,4,0,1,5,2,6.3,5.5,4.7,10.2,76,121,157,0.18,0.23,0.41,0.18,0.41,0.29,0.21,0.5,0.25,0.47,Athletic Club,2023-2024,
9,Iï¿½ï¿½igo L,es ESP,DF,30,27,22,2002,22.2,0,2,2,0,0,0,4,0,0.2,0.2,1.1,1.2,44,119,35,0,0.09,0.09,0,0.09,0.01,0.05,0.06,0.01,0.06,Athletic Club,2023-2024,
10,Yuri Berchiche,es ESP,DF,33,27,22,1930,21.4,3,1,4,3,0,0,5,0,0.9,0.7,1.6,2.4,36,132,77,0.14,0.05,0.19,0.14,0.19,0.04,0.08,0.12,0.03,0.11,Athletic Club,2023-2024,
11,Mikel Vesga,es ESP,MF,30,27,18,1534,17,3,1,4,1,2,2,2,0,2.7,1.1,1.2,2.3,10,88,29,0.18,0.06,0.23,0.06,0.12,0.16,0.07,0.23,0.07,0.14,Athletic Club,2023-2024,
12,Beï¿½ï¿½at Pr,es ESP,"MF,DF",22,26,16,1449,16.1,0,0,0,0,0,0,1,0,0.5,0.5,0.5,1,23,87,30,0,0,0,0,0,0.03,0.03,0.06,0.03,0.06,Athletic Club,2023-2024,
13,ýýlex Berenguer,es ESP,FW,28,35,15,1592,17.7,7,3,10,6,1,1,4,0,5.2,4.4,3.7,8.1,61,30,143,0.4,0.17,0.57,0.34,0.51,0.29,0.21,0.5,0.25,0.46,Athletic Club,2023-2024,
14,Yeray ï¿½ï¿½lv,es ESP,DF,28,19,14,1152,12.8,0,0,0,0,0,0,1,1,0.3,0.3,0.1,0.4,13,55,2,0,0,0,0,0,0.02,0.01,0.03,0.02,0.03,Athletic Club,2023-2024,
15,Ander Herrera,es ESP,MF,33,23,10,1030,11.4,0,3,3,0,0,0,4,0,0.7,0.7,1.2,1.9,11,94,17,0,0.26,0.26,0,0.26,0.06,0.1,0.17,0.06,0.17,Athletic Club,2023-2024,
16,Unai Gï¿½ï¿,es ESP,MF,20,25,9,875,9.7,2,0,2,2,0,0,1,0,1.5,1.5,0.7,2.1,20,28,48,0.21,0,0.21,0.21,0.21,0.15,0.07,0.22,0.15,0.22,Athletic Club,2023-2024,
17,Dani Garcï¿½,es ESP,MF,33,17,7,745,8.3,1,0,1,1,0,0,4,0,0.8,0.8,0.2,1,3,36,4,0.12,0,0.12,0.12,0.12,0.1,0.03,0.12,0.1,0.12,Athletic Club,2023-2024,
18,Iker Muniain,es ESP,"MF,FW",30,20,5,594,6.6,2,0,2,2,0,0,1,0,1.7,1.7,0.4,2.2,18,43,50,0.3,0,0.3,0.3,0.3,0.26,0.06,0.33,0.26,0.33,Athletic Club,2023-2024,
19,Imanol,es ESP,DF,23,9,5,525,5.8,0,0,0,0,0,0,2,0,0,0,0.2,0.2,13,21,15,0,0,0,0,0,0,0.03,0.04,0,0.04,Athletic Club,2023-2024,
20,Asier Villalibre,es ESP,FW,25,18,4,513,5.7,2,1,3,2,0,0,0,0,1.7,1.7,1,2.7,6,10,29,0.35,0.18,0.53,0.35,0.53,0.3,0.17,0.47,0.3,0.47,Athletic Club,2023-2024,
21,Adu Ares,es ESP,FW,21,12,2,265,2.9,0,0,0,0,0,0,2,0,0.1,0.1,0,0.1,13,3,39,0,0,0,0,0,0.04,0.01,0.05,0.04,0.05,Athletic Club,2023-2024,
22,Julen Agirrezabala,es ESP,GK,22,4,2,238,2.6,0,0,0,0,0,0,0,0,0,0,0,0,0,0,0,0,0,0,0,0,0,0,0,0,0,Athletic Club,2023-2024,
23,Raï¿½ï¿½l Gar,es ESP,"FW,MF",37,20,1,420,4.7,1,0,1,1,0,0,3,0,0.9,0.9,0,0.9,4,19,15,0.21,0,0.21,0.21,0.21,0.2,0,0.2,0.2,0.2,Athletic Club,2023-2024,
24,Mikel Jauregizar,es ESP,MF,19,7,1,151,1.7,0,0,0,0,0,0,0,0,0,0,0.1,0.2,2,5,3,0,0,0,0,0,0.02,0.08,0.1,0.02,0.1,Athletic Club,2023-2024,
25,Peru Nolaskoain,es ESP,"DF,MF",24,2,0,10,0.1,0,0,0,0,0,0,0,0,0,0,0,0,0,0,0,0,0,0,0,0,0,0,0,0,0,Athletic Club,2023-2024,
26,Aingeru Olabarrieta,es ESP,FW,17,1,0,9,0.1,0,0,0,0,0,0,0,0,0,0,0,0,1,0,0,0,0,0,0,0,0.12,0,0.12,0.12,0.12,Athletic Club,2023-2024,
27,Unai Eguï¿½ï¿,es ESP,DF,21,0,0,,,,,,,,,,,,,,,,,,,,,,,,,,,,Athletic Club,2023-2024,
28,Javi Martï¿½,es ESP,FW,24,0,0,,,,,,,,,,,,,,,,,,,,,,,,,,,,Athletic Club,2023-2024,
29,Alex Padilla,es ESP,GK,19,0,0,,,,,,,,,,,,,,,,,,,,,,,,,,,,Athletic Club,2023-2024,
30,Hugo Rincï¿½,es ESP,DF,20,0,0,,,,,,,,,,,,,,,,,,,,,,,,,,,,Athletic Club,2023-2024,
31,Squad Total,,,27.3,38,418,3420,38,59,41,100,56,3,5,80,5,52.7,48.7,37,85.8,735,1610,1596,1.55,1.08,2.63,1.47,2.55,1.39,0.97,2.36,1.28,2.26,Athletic Club,2023-2024,
32,Opponent Total,,,26.9,38,418,3420,38,33,27,60,32,1,5,82,3,41.3,37.5,32,69.5,521,1298,1281,0.87,0.71,1.58,0.84,1.55,1.09,0.84,1.93,0.99,1.83,Athletic Club,2023-2024,
0,Antonio Sivera,es ESP,GK,26,34,34,3060,34,0,0,0,0,0,0,3,0,0,0,0.1,0.1,0,0,0,0,0,0,0,0,0,0,0,0,0,Alaves,2023-2024,
1,Jon Guridi,es ESP,MF,28,36,34,2678,29.8,3,4,7,3,0,0,2,0,4,4,3.5,7.5,30,117,92,0.1,0.13,0.24,0.1,0.24,0.13,0.12,0.25,0.13,0.25,Alaves,2023-2024,
2,Ander Guevara,es ESP,MF,26,37,33,2932,32.6,1,0,1,1,0,0,7,0,0.7,0.7,0.9,1.5,53,187,37,0.03,0,0.03,0.03,0.03,0.02,0.03,0.05,0.02,0.05,Alaves,2023-2024,
3,Andoni Gorosabel,es ESP,DF,26,36,33,2854,31.7,1,0,1,1,0,0,6,0,0.7,0.7,1.3,2,58,117,121,0.03,0,0.03,0.03,0.03,0.02,0.04,0.06,0.02,0.06,Alaves,2023-2024,
4,Luis Rioja,es ESP,"FW,MF",29,37,31,2498,27.8,5,4,9,2,3,4,4,0,6.1,3,3.9,6.9,70,77,173,0.18,0.14,0.32,0.07,0.22,0.22,0.14,0.36,0.11,0.25,Alaves,2023-2024,
5,Antonio Blanco,es ESP,MF,23,33,29,2426,27,0,1,1,0,0,0,5,1,0.8,0.8,1.2,2.1,20,133,22,0,0.04,0.04,0,0.04,0.03,0.05,0.08,0.03,0.08,Alaves,2023-2024,
6,Rafa Marï¿½,es ESP,DF,21,33,27,2443,27.1,0,0,0,0,0,0,6,0,0.7,0.7,0.3,1,13,77,6,0,0,0,0,0,0.03,0.01,0.04,0.03,0.04,Alaves,2023-2024,
7,Abdel Abqar,ma MAR,DF,24,27,27,2312,25.7,0,0,0,0,0,0,10,0,0.5,0.5,0.2,0.6,7,49,1,0,0,0,0,0,0.02,0.01,0.02,0.02,0.02,Alaves,2023-2024,
8,Javi Lï¿½ï¿,es ESP,DF,21,32,25,2386,26.5,1,3,4,1,0,0,3,0,0.9,0.9,3,4,53,92,120,0.04,0.11,0.15,0.04,0.15,0.04,0.11,0.15,0.04,0.15,Alaves,2023-2024,
9,Samu Omorodion,es ESP,FW,19,34,21,1918,21.3,8,1,9,8,0,0,6,0,10.8,10.8,1.3,12,30,18,100,0.38,0.05,0.42,0.38,0.42,0.51,0.06,0.56,0.51,0.56,Alaves,2023-2024,
10,Rubï¿½ï¿½n Du,es ESP,DF,27,28,21,1878,20.9,2,1,3,2,0,0,7,0,0.7,0.7,1.5,2.2,16,81,39,0.1,0.05,0.14,0.1,0.14,0.03,0.07,0.1,0.03,0.1,Alaves,2023-2024,
11,Kikï¿,es ESP,"FW,MF",33,33,15,1423,15.8,3,2,5,3,0,1,3,0,7.7,6.9,2,8.9,18,32,97,0.19,0.13,0.32,0.19,0.32,0.49,0.13,0.61,0.44,0.56,Alaves,2023-2024,
12,Alex Sola,es ESP,"FW,MF",24,29,14,1262,14,0,3,3,0,0,0,2,0,1.6,1.6,2.3,3.9,40,42,103,0,0.21,0.21,0,0.21,0.12,0.16,0.28,0.12,0.28,Alaves,2023-2024,
13,Carlos Vicente,es ESP,FW,24,18,12,1114,12.4,2,4,6,2,0,0,1,0,2.3,2.3,3.7,6,23,23,82,0.16,0.32,0.48,0.16,0.48,0.19,0.3,0.49,0.19,0.49,Alaves,2023-2024,
14,Nahuel Tenaglia,ar ARG,DF,27,25,11,1141,12.7,1,0,1,1,0,0,5,0,0.6,0.6,0.5,1.2,17,45,24,0.08,0,0.08,0.08,0.08,0.05,0.04,0.09,0.05,0.09,Alaves,2023-2024,
15,Aleksandar Sedlar,rs SRB,DF,31,11,11,946,10.5,1,0,1,1,0,0,2,0,0.3,0.3,0.1,0.3,6,26,1,0.1,0,0.1,0.1,0.1,0.03,0.01,0.03,0.03,0.03,Alaves,2023-2024,
16,Carlos Benavï¿½ï¿,uy URU,MF,25,29,10,1136,12.6,3,1,4,3,0,0,5,0,1,1,0.5,1.5,9,60,5,0.24,0.08,0.32,0.24,0.32,0.08,0.04,0.12,0.08,0.12,Alaves,2023-2024,
17,Ianis Hagi,ro ROU,"MF,FW",24,22,8,804,8.9,0,2,2,0,0,1,3,0,2.8,2,2,4,17,32,58,0,0.22,0.22,0,0.22,0.31,0.22,0.53,0.22,0.44,Alaves,2023-2024,
18,Abderrahman Rebbach,dz ALG,"FW,MF",24,23,6,722,8,1,0,1,1,0,0,1,0,0.8,0.8,1.8,2.6,34,14,78,0.12,0,0.12,0.12,0.12,0.1,0.22,0.33,0.1,0.33,Alaves,2023-2024,
19,Giuliano Simeone,ar ARG,FW,20,14,6,630,7,1,2,3,1,0,1,1,0,2.4,1.6,2,3.6,25,24,47,0.14,0.29,0.43,0.14,0.43,0.34,0.29,0.63,0.23,0.52,Alaves,2023-2024,
20,Jesï¿½ï¿½s O,gq EQG,GK,22,4,4,360,4,0,0,0,0,0,0,1,0,0,0,0,0,0,0,0,0,0,0,0,0,0,0,0,0,0,Alaves,2023-2024,
21,Xeber,es ESP,"FW,MF",26,10,3,302,3.4,0,0,0,0,0,0,1,0,0.4,0.4,0.6,1,6,6,30,0,0,0,0,0,0.11,0.19,0.3,0.11,0.3,Alaves,2023-2024,
22,Joaquï¿½ï¿½n Panich,ar ARG,"FW,MF",20,8,2,226,2.5,0,0,0,0,0,0,0,0,0.6,0.6,0.1,0.7,3,6,10,0,0,0,0,0,0.22,0.04,0.26,0.22,0.26,Alaves,2023-2024,
23,Miguel,es ESP,"FW,MF",23,3,1,65,0.7,0,0,0,0,0,0,0,0,0.1,0.1,0,0.1,1,0,3,0,0,0,0,0,0.13,0,0.13,0.13,0.13,Alaves,2023-2024,
24,Mamadou Sylla,sn SEN,"FW,MF",29,2,0,18,0.2,0,0,0,0,0,0,0,0,0,0,0,0,0,1,1,0,0,0,0,0,0,0,0,0,0,Alaves,2023-2024,
25,Jon Karrikaburu,es ESP,"MF,FW",20,2,0,16,0.2,0,0,0,0,0,0,0,0,0,0,0,0,0,0,1,0,0,0,0,0,0,0,0,0,0,Alaves,2023-2024,
26,Eneko Ortiz,es ESP,DF,20,1,0,14,0.2,0,0,0,0,0,0,0,0,0,0,0,0,1,1,1,0,0,0,0,0,0,0,0,0,0,Alaves,2023-2024,
27,Tomï¿½ï¿½s Me,es ESP,MF,18,1,0,6,0.1,0,0,0,0,0,0,0,0,0,0,0,0,0,0,0,0,0,0,0,0,0,0,0,0,0,Alaves,2023-2024,
28,Unai Ropero,es ESP,MF,21,1,0,5,0.1,0,0,0,0,0,0,0,0,0,0,0,0,0,0,0,0,0,0,0,0,0,0,0,0,0,Alaves,2023-2024,
29,Victor Parada,es ESP,"FW,MF",21,2,0,3,0,0,0,0,0,0,0,0,0,0,0,0,0,0,0,0,0,0,0,0,0,0,0,0,0,0,Alaves,2023-2024,
30,Selu Diallo,es ESP,MF,19,0,0,,,,,,,,,,,,,,,,,,,,,,,,,,,,Alaves,2023-2024,
31,George Gagua,ge GEO,FW,21,0,0,,,,,,,,,,,,,,,,,,,,,,,,,,,,Alaves,2023-2024,
32,ýýlvaro Garcýýa,es ESP,DF,18,0,0,,,,,,,,,,,,,,,,,,,,,,,,,,,,Alaves,2023-2024,
33,Gaizka Garcï¿½,es ESP,GK,18,0,0,,,,,,,,,,,,,,,,,,,,,,,,,,,,Alaves,2023-2024,
34,Joseda,es ESP,DF,22,0,0,,,,,,,,,,,,,,,,,,,,,,,,,,,,Alaves,2023-2024,
35,Nikola Maraï¿,rs SRB,DF,27,0,0,,,,,,,,,,,,,,,,,,,,,,,,,,,,Alaves,2023-2024,
36,Rubï¿½ï¿½n Mon,es ESP,GK,17,0,0,,,,,,,,,,,,,,,,,,,,,,,,,,,,Alaves,2023-2024,
37,Egoitz Muï¿½ï,es ESP,DF,18,0,0,,,,,,,,,,,,,,,,,,,,,,,,,,,,Alaves,2023-2024,
38,Adrian Rodriguez,es ESP,GK,22,0,0,,,,,,,,,,,,,,,,,,,,,,,,,,,,Alaves,2023-2024,
39,Ander Sï¿½ï¿½n,es ESP,MF,19,0,0,,,,,,,,,,,,,,,,,,,,,,,,,,,,Alaves,2023-2024,
40,Squad Total,,,25.6,38,418,3420,38,33,28,61,30,3,7,84,1,46.2,40.7,32.4,73,550,1260,1252,0.87,0.74,1.61,0.79,1.53,1.22,0.85,2.07,1.07,1.92,Alaves,2023-2024,
41,Opponent Total,,,27.2,38,418,3420,38,44,29,73,36,8,8,102,7,44.7,38.5,29.8,68.3,744,1502,1487,1.16,0.76,1.92,0.95,1.71,1.18,0.78,1.96,1.01,1.8,Alaves,2023-2024,
0,Luï¿½ï¿½s Maxim,pt POR,GK,24,33,33,2970,33,0,0,0,0,0,0,1,0,0,0,0,0,0,0,0,0,0,0,0,0,0,0,0,0,0,Almeria,2023-2024,
1,ýýdgar Gonzýýlez,es ESP,"DF,MF",26,31,30,2522,28,2,0,2,2,0,0,7,1,2.3,2.3,0.3,2.6,6,72,6,0.07,0,0.07,0.07,0.07,0.08,0.01,0.09,0.08,0.09,Almeria,2023-2024,
2,Adri Embarba,es ESP,"FW,MF",31,36,29,2476,27.5,3,2,5,2,1,1,5,0,4.3,3.5,4.4,8,94,58,167,0.11,0.07,0.18,0.07,0.15,0.16,0.16,0.32,0.13,0.29,Almeria,2023-2024,
3,Lucas Robertone,ar ARG,MF,26,33,29,2381,26.5,0,5,5,0,0,0,11,0,1,1,2.5,3.5,31,128,37,0,0.19,0.19,0,0.19,0.04,0.1,0.13,0.04,0.13,Almeria,2023-2024,
4,Chumi,es ESP,DF,24,31,26,2434,27,0,1,1,0,0,0,4,0,1,1,1.4,2.4,11,68,4,0,0.04,0.04,0,0.04,0.04,0.05,0.09,0.04,0.09,Almeria,2023-2024,
5,Dion Lopy,sn SEN,MF,21,30,23,1916,21.3,0,0,0,0,0,0,5,0,1.3,1.3,1.2,2.4,23,90,19,0,0,0,0,0,0.06,0.05,0.11,0.06,0.11,Almeria,2023-2024,
6,Sergio Arribas,es ESP,"MF,FW",21,34,22,2047,22.7,9,4,13,9,0,0,1,0,8.6,8.6,3.7,12.2,56,81,94,0.4,0.18,0.57,0.4,0.57,0.38,0.16,0.54,0.38,0.54,Almeria,2023-2024,
7,Marc Pubill,es ESP,DF,20,23,22,1883,20.9,1,3,4,1,0,0,2,0,0.7,0.7,1.5,2.2,59,36,85,0.05,0.14,0.19,0.05,0.19,0.03,0.07,0.1,0.03,0.1,Almeria,2023-2024,
8,Lï¿½ï¿½o Baptis,br BRA,FW,30,32,22,1837,20.4,6,0,6,6,0,0,6,1,5.3,5.3,1.8,7.1,26,45,88,0.29,0,0.29,0.29,0.29,0.25,0.09,0.34,0.25,0.34,Almeria,2023-2024,
9,Cï¿½ï¿½sar Mo,mx MEX,DF,26,21,21,1788,19.9,0,0,0,0,0,0,5,0,0.7,0.7,0.2,0.9,7,52,2,0,0,0,0,0,0.04,0.01,0.04,0.04,0.04,Almeria,2023-2024,
10,Sergio Akieme,es ESP,DF,25,19,19,1675,18.6,2,0,2,2,0,0,2,0,1.2,1.2,2.2,3.3,27,28,72,0.11,0,0.11,0.11,0.11,0.06,0.12,0.18,0.06,0.18,Almeria,2023-2024,
11,Largie Ramazani,be BEL,"FW,MF",22,29,16,1555,17.3,3,5,8,3,0,0,11,2,4.7,4.7,5.7,10.5,59,42,104,0.17,0.29,0.46,0.17,0.46,0.27,0.33,0.6,0.27,0.6,Almeria,2023-2024,
12,Iddrisu Baba,gh GHA,MF,27,25,14,1430,15.9,0,0,0,0,0,0,5,0,0.7,0.7,0.6,1.3,1,60,5,0,0,0,0,0,0.05,0.04,0.08,0.05,0.08,Almeria,2023-2024,
13,Jonathan Viera,es ESP,MF,33,12,12,912,10.1,0,3,3,0,0,0,3,1,1.3,1.3,2.7,3.9,35,68,29,0,0.3,0.3,0,0.3,0.13,0.26,0.39,0.13,0.39,Almeria,2023-2024,
14,ýýlex Centelles,es ESP,DF,25,14,11,980,10.9,0,1,1,0,0,0,2,0,0,0,1.6,1.6,16,31,53,0,0.09,0.09,0,0.09,0,0.14,0.15,0,0.15,Almeria,2023-2024,
15,Gonzalo Melero,es ESP,"MF,FW",29,28,10,1103,12.3,1,1,2,1,0,0,3,0,2,2,1.2,3.2,23,49,33,0.08,0.08,0.16,0.08,0.16,0.16,0.1,0.26,0.16,0.26,Almeria,2023-2024,
16,Luis Javier Suï¿½ï¿,co COL,FW,25,15,10,917,10.2,6,0,6,5,1,1,3,0,6.5,5.7,0.6,6.3,30,15,53,0.59,0,0.59,0.49,0.49,0.64,0.06,0.7,0.56,0.62,Almeria,2023-2024,
17,Anthony Lozano,hn HON,FW,30,13,10,772,8.6,3,0,3,3,0,0,1,0,3.3,3.3,0.7,4,12,16,24,0.35,0,0.35,0.35,0.35,0.38,0.08,0.46,0.38,0.46,Almeria,2023-2024,
18,Alejandro Pozo Pozo,es ESP,"DF,MF",24,21,9,976,10.8,0,0,0,0,0,0,3,0,0.4,0.4,0.6,1,22,44,62,0,0,0,0,0,0.04,0.06,0.1,0.04,0.1,Almeria,2023-2024,
19,Bruno Langa,mz MOZ,DF,25,11,9,820,9.1,1,0,1,1,0,0,1,1,0.2,0.2,0.4,0.5,14,25,30,0.11,0,0.11,0.11,0.11,0.02,0.04,0.06,0.02,0.06,Almeria,2023-2024,
20,Aleksandar Radovanoviï¿,rs SRB,DF,29,9,8,569,6.3,0,0,0,0,0,0,2,0,0,0,0,0.1,0,5,1,0,0,0,0,0,0.01,0,0.01,0.01,0.01,Almeria,2023-2024,
21,Kaiky,br BRA,DF,19,8,5,523,5.8,1,0,1,1,0,0,2,0,0.2,0.2,0,0.3,4,24,1,0.17,0,0.17,0.17,0.17,0.04,0,0.04,0.04,0.04,Almeria,2023-2024,
22,Luka Romero,ar ARG,FW,18,13,5,438,4.9,3,0,3,3,0,0,2,0,1.3,1.3,0.1,1.4,11,14,20,0.62,0,0.62,0.62,0.62,0.26,0.02,0.28,0.26,0.28,Almeria,2023-2024,
23,Marcos Peï¿½,es ESP,MF,18,7,4,441,4.9,0,0,0,0,0,0,3,0,0.2,0.2,0,0.2,0,10,0,0,0,0,0,0,0.04,0.01,0.04,0.04,0.04,Almeria,2023-2024,
24,Houboulang Mendes,gw GNB,DF,25,7,4,396,4.4,0,0,0,0,0,0,0,0,0,0,0,0,5,9,6,0,0,0,0,0,0,0.01,0.01,0,0.01,Almeria,2023-2024,
25,Fernando,es ESP,GK,33,4,4,360,4,0,0,0,0,0,0,0,0,0,0,0,0,0,0,0,0,0,0,0,0,0,0,0,0,0,Almeria,2023-2024,
26,Arnau Puigmal,es ESP,"FW,DF",22,11,3,255,2.8,0,0,0,0,0,0,3,0,0,0,0.3,0.3,4,8,17,0,0,0,0,0,0,0.1,0.1,0,0.1,Almeria,2023-2024,
27,Marko Milovanoviï¿,rs SRB,"FW,MF",19,11,2,308,3.4,1,0,1,1,0,0,0,0,1.5,1.5,0.1,1.6,2,3,13,0.29,0,0.29,0.29,0.29,0.45,0.03,0.47,0.45,0.47,Almeria,2023-2024,
28,Lï¿½ï¿½,br BRA,"FW,MF",21,14,2,285,3.2,0,0,0,0,0,0,0,0,0.9,0.9,0.5,1.4,5,6,34,0,0,0,0,0,0.28,0.17,0.45,0.28,0.45,Almeria,2023-2024,
29,Ibrahima Konï¿,ml MLI,FW,24,9,2,277,3.1,0,0,0,0,0,0,0,0,0.4,0.4,0.1,0.5,5,3,18,0,0,0,0,0,0.14,0.03,0.17,0.14,0.17,Almeria,2023-2024,
30,Srï¿½ï¿½an Ba,rs SRB,DF,27,1,1,90,1,0,0,0,0,0,0,0,0,0,0,0,0,1,6,0,0,0,0,0,0,0.04,0,0.04,0.04,0.04,Almeria,2023-2024,
31,Diego Mariï¿½,es ESP,GK,33,1,1,90,1,0,0,0,0,0,0,0,0,0,0,0,0,0,0,0,0,0,0,0,0,0,0,0,0,0,Almeria,2023-2024,
32,Marciano Tchami,gw GNB,"FW,MF",19,6,0,43,0.5,0,0,0,0,0,0,0,0,0,0,0,0.1,1,1,3,0,0,0,0,0,0.06,0.1,0.17,0.06,0.17,Almeria,2023-2024,
33,Paco Sanz,es ESP,DF,18,1,0,24,0.3,0,0,0,0,0,0,0,0,0,0,0,0,0,0,0,0,0,0,0,0,0,0,0,0,0,Almeria,2023-2024,
34,Rachad Fettal,ma MAR,FW,18,1,0,17,0.2,0,0,0,0,0,0,0,0,0.1,0.1,0,0.1,0,0,2,0,0,0,0,0,0.41,0.12,0.53,0.41,0.53,Almeria,2023-2024,
35,Arvin Appiah,eng ENG,"FW,MF",22,0,0,,,,,,,,,,,,,,,,,,,,,,,,,,,,Almeria,2023-2024,
36,Gui Guedes,pt POR,MF,21,0,0,,,,,,,,,,,,,,,,,,,,,,,,,,,,Almeria,2023-2024,
37,Bruno Iribarne,es ESP,GK,18,0,0,,,,,,,,,,,,,,,,,,,,,,,,,,,,Almeria,2023-2024,
38,Martin ï¿½ï¿½vider,sk SVK,MF,20,0,0,,,,,,,,,,,,,,,,,,,,,,,,,,,,Almeria,2023-2024,
39,Squad Total,,,25.6,38,418,3420,38,42,25,67,40,2,2,93,6,48.7,47.1,34.2,81.4,590,1097,1082,1.11,0.66,1.76,1.05,1.71,1.28,0.9,2.18,1.24,2.14,Almeria,2023-2024,
40,Opponent Total,,,27.1,38,418,3420,38,75,56,131,69,6,9,72,4,61.6,54.5,45.3,99.8,751,1644,1620,1.97,1.47,3.45,1.82,3.29,1.62,1.19,2.81,1.43,2.63,Almeria,2023-2024,
0,Jan Oblak,si SVN,GK,30,38,38,3420,38,0,0,0,0,0,0,1,0,0,0,0,0,0,0,0,0,0,0,0,0,0,0,0,0,0,Atletico Madrid,2023-2024,
1,Koke,es ESP,MF,31,35,32,2493,27.7,0,4,4,0,0,0,5,0,0.4,0.4,3.6,4.1,26,212,26,0,0.14,0.14,0,0.14,0.02,0.13,0.15,0.02,0.15,Atletico Madrid,2023-2024,
2,Antoine Griezmann,fr FRA,"FW,MF",32,33,31,2644,29.4,16,6,22,12,4,4,5,0,12.3,9.3,5.6,14.9,43,118,196,0.54,0.2,0.75,0.41,0.61,0.42,0.19,0.61,0.32,0.51,Atletico Madrid,2023-2024,
3,Axel Witsel,be BEL,DF,34,35,30,2783,30.9,2,0,2,2,0,0,5,0,1,1,0.3,1.3,17,89,8,0.06,0,0.06,0.06,0.06,0.03,0.01,0.04,0.03,0.04,Atletico Madrid,2023-2024,
4,Marcos Llorente,es ESP,"MF,DF",28,37,29,2565,28.5,6,4,10,6,0,0,5,0,4.1,4.1,5.6,9.7,71,106,179,0.21,0.14,0.35,0.21,0.35,0.14,0.2,0.34,0.14,0.34,Atletico Madrid,2023-2024,
5,Mario Hermoso,es ESP,DF,28,31,29,2557,28.4,0,1,1,0,0,0,9,0,1.4,1.4,0.8,2.2,39,177,61,0,0.04,0.04,0,0.04,0.05,0.03,0.08,0.05,0.08,Atletico Madrid,2023-2024,
6,Samuel Lino,br BRA,"DF,MF",23,34,25,2080,23.1,4,5,9,4,0,0,1,0,5.6,5.6,4.7,10.3,131,84,215,0.17,0.22,0.39,0.17,0.39,0.24,0.21,0.45,0.24,0.45,Atletico Madrid,2023-2024,
7,Rodrigo De Paul,ar ARG,MF,29,34,25,2075,23.1,3,5,8,3,0,0,7,0,1.8,1.8,5,6.8,73,202,55,0.13,0.22,0.35,0.13,0.35,0.08,0.22,0.3,0.08,0.3,Atletico Madrid,2023-2024,
8,ýýlvaro Morata,es ESP,FW,30,32,21,1904,21.2,15,3,18,15,0,1,4,1,13.8,12.9,1.7,14.6,22,20,88,0.71,0.14,0.85,0.71,0.85,0.65,0.08,0.73,0.61,0.69,Atletico Madrid,2023-2024,
9,Nahuel Molina,ar ARG,DF,25,30,19,1852,20.6,2,3,5,2,0,0,4,1,1.3,1.3,2.9,4.2,47,68,170,0.1,0.15,0.24,0.1,0.24,0.06,0.14,0.2,0.06,0.2,Atletico Madrid,2023-2024,
10,Stefan Saviï¿,me MNE,DF,32,23,19,1630,18.1,0,0,0,0,0,0,7,1,0.3,0.3,0.1,0.5,14,66,2,0,0,0,0,0,0.02,0.01,0.03,0.02,0.03,Atletico Madrid,2023-2024,
11,Pablo Barrios,es ESP,MF,20,24,17,1555,17.3,0,1,1,0,0,0,5,0,0.9,0.9,1.9,2.8,37,98,56,0,0.06,0.06,0,0.06,0.05,0.11,0.16,0.05,0.16,Atletico Madrid,2023-2024,
12,Rodrigo Riquelme,es ESP,"DF,MF",23,34,17,1528,17,3,5,8,3,0,0,1,0,2.7,2.7,3.1,5.9,87,53,166,0.18,0.29,0.47,0.18,0.47,0.16,0.18,0.35,0.16,0.35,Atletico Madrid,2023-2024,
13,ýýngel Correa,ar ARG,"FW,MF",28,32,14,1528,17,9,2,11,8,1,1,3,0,7.9,7.1,3.6,10.8,40,61,128,0.53,0.12,0.65,0.47,0.59,0.47,0.21,0.68,0.42,0.63,Atletico Madrid,2023-2024,
14,Cï¿½ï¿½sar Azpilic,es ESP,DF,33,25,14,1423,15.8,0,2,2,0,0,0,4,0,0.6,0.6,2.4,3,39,77,39,0,0.13,0.13,0,0.13,0.04,0.15,0.19,0.04,0.19,Atletico Madrid,2023-2024,
15,Saï¿½ï¿½l ï¿½ï,es ESP,MF,28,34,14,1374,15.3,1,4,5,1,0,0,10,1,1.5,1.5,3.2,4.6,21,34,43,0.07,0.26,0.33,0.07,0.33,0.1,0.21,0.3,0.1,0.3,Atletico Madrid,2023-2024,
16,Josï¿½ï¿½ Marï¿½ï¿½a ,uy URU,DF,28,22,14,1326,14.7,0,0,0,0,0,0,5,0,0.4,0.4,0.1,0.5,2,26,1,0,0,0,0,0,0.03,0,0.03,0.03,0.03,Atletico Madrid,2023-2024,
17,Memphis,nl NED,FW,29,23,9,893,9.9,5,1,6,5,0,0,2,0,5.8,5.8,1.8,7.6,16,27,82,0.5,0.1,0.6,0.5,0.6,0.58,0.18,0.76,0.58,0.76,Atletico Madrid,2023-2024,
18,Reinildo Mandava,mz MOZ,DF,29,16,7,731,8.1,2,1,3,2,0,0,2,0,0.9,0.9,0.6,1.5,10,36,17,0.25,0.12,0.37,0.25,0.37,0.1,0.08,0.18,0.1,0.18,Atletico Madrid,2023-2024,
19,Gabriel Paulista,br BRA,DF,32,5,5,405,4.5,0,0,0,0,0,0,1,0,0.2,0.2,0.1,0.3,1,7,0,0,0,0,0,0,0.04,0.02,0.06,0.04,0.06,Atletico Madrid,2023-2024,
20,Yannick Carrasco,be BEL,DF,29,3,3,221,2.5,0,1,1,0,0,0,0,0,0.1,0.1,0.2,0.3,9,6,17,0,0.41,0.41,0,0.41,0.03,0.1,0.12,0.03,0.12,Atletico Madrid,2023-2024,
21,Thomas Lemar,fr FRA,MF,27,3,3,164,1.8,0,0,0,0,0,0,0,0,0.2,0.2,0,0.2,5,13,9,0,0,0,0,0,0.09,0.01,0.1,0.09,0.1,Atletico Madrid,2023-2024,
22,Arthur Vermeeren,be BEL,MF,18,5,2,162,1.8,0,0,0,0,0,0,2,0,0,0,0.1,0.1,2,7,7,0,0,0,0,0,0,0.04,0.04,0,0.04,Atletico Madrid,2023-2024,
23,ýýaýýlar Sýýyýýncýý,tr TUR,DF,27,6,1,114,1.3,0,0,0,0,0,0,0,1,0,0,0,0,2,6,0,0,0,0,0,0,0,0,0,0,0,Atletico Madrid,2023-2024,
24,Javi Galï¿½,es ESP,DF,28,5,0,88,1,0,0,0,0,0,0,1,0,0,0,0.1,0.1,3,4,13,0,0,0,0,0,0,0.06,0.06,0,0.06,Atletico Madrid,2023-2024,
25,Salim El Jebari,ma MAR,MF,19,1,0,13,0.1,0,0,0,0,0,0,0,0,0,0,0,0,1,0,1,0,0,0,0,0,0,0,0,0,0,Atletico Madrid,2023-2024,
26,Abdellah Raihani,ma MAR,FW,19,1,0,10,0.1,0,0,0,0,0,0,0,0,0,0,0,0,0,0,1,0,0,0,0,0,0,0,0,0,0,Atletico Madrid,2023-2024,
27,Rayane Belaid,es ESP,DF,18,0,0,,,,,,,,,,,,,,,,,,,,,,,,,,,,Atletico Madrid,2023-2024,
28,Joï¿½ï¿½o Fï,pt POR,"FW,MF",23,0,0,,,,,,,,,,,,,,,,,,,,,,,,,,,,Atletico Madrid,2023-2024,
29,Aitor Gismera,es ESP,MF,19,0,0,,,,,,,,,,,,,,,,,,,,,,,,,,,,Atletico Madrid,2023-2024,
30,Antonio Gomis,es ESP,GK,20,0,0,,,,,,,,,,,,,,,,,,,,,,,,,,,,Atletico Madrid,2023-2024,
31,Ivo Grbiï¿,hr CRO,GK,27,0,0,,,,,,,,,,,,,,,,,,,,,,,,,,,,Atletico Madrid,2023-2024,
32,Ilias Kostis,gr GRE,DF,20,0,0,,,,,,,,,,,,,,,,,,,,,,,,,,,,Atletico Madrid,2023-2024,
33,Sergio Mestre,es ESP,GK,18,0,0,,,,,,,,,,,,,,,,,,,,,,,,,,,,Atletico Madrid,2023-2024,
34,Horaï¿½ï¿½iu Mold,ro ROU,GK,25,0,0,,,,,,,,,,,,,,,,,,,,,,,,,,,,Atletico Madrid,2023-2024,
35,Marco Moreno,es ESP,DF,22,0,0,,,,,,,,,,,,,,,,,,,,,,,,,,,,Atletico Madrid,2023-2024,
36,Adrian Niï¿½,es ESP,FW,19,0,0,,,,,,,,,,,,,,,,,,,,,,,,,,,,Atletico Madrid,2023-2024,
37,Squad Total,,,29.2,38,418,3420,38,68,48,116,63,5,6,89,5,62.4,57.9,47.4,105.2,758,1597,1580,1.79,1.26,3.05,1.66,2.92,1.64,1.25,2.89,1.52,2.77,Atletico Madrid,2023-2024,
38,Opponent Total,,,26.9,38,418,3420,38,43,33,76,42,1,2,79,2,39.5,37.9,29.7,67.6,648,1544,1533,1.13,0.87,2,1.11,1.97,1.04,0.78,1.82,1,1.78,Atletico Madrid,2023-2024,
0,ýýlkay Gýýndoýýan,de GER,MF,32,36,33,2994,33.3,5,9,14,4,1,2,5,0,7.3,5.7,10.3,16,71,224,116,0.15,0.27,0.42,0.12,0.39,0.22,0.31,0.53,0.17,0.48,FC Barcelona,2023-2024,
1,Jules Koundï¿,fr FRA,DF,24,35,32,2899,32.2,1,2,3,1,0,0,4,0,2,2,2.2,4.2,67,245,64,0.03,0.06,0.09,0.03,0.09,0.06,0.07,0.13,0.06,0.13,FC Barcelona,2023-2024,
2,Robert Lewandowski,pl POL,FW,34,35,32,2750,30.6,19,8,27,15,4,4,5,0,18.1,15,4.9,19.9,43,64,168,0.62,0.26,0.88,0.49,0.75,0.59,0.16,0.75,0.49,0.65,FC Barcelona,2023-2024,
3,Joï¿½ï¿½o Can,pt POR,DF,29,32,29,2503,27.8,2,4,6,2,0,0,7,0,1.6,1.6,6.1,7.7,106,141,193,0.07,0.14,0.22,0.07,0.22,0.06,0.22,0.28,0.06,0.28,FC Barcelona,2023-2024,
4,Marc-Andrï¿½ï¿½ ter St,de GER,GK,31,28,28,2520,28,0,0,0,0,0,0,3,0,0,0,0.1,0.1,0,1,0,0,0,0,0,0,0,0,0,0,0,FC Barcelona,2023-2024,
5,Andreas Christensen,dk DEN,"DF,MF",27,30,27,1979,22,2,2,4,2,0,0,4,0,1,1,1.1,2.2,24,117,6,0.09,0.09,0.18,0.09,0.18,0.05,0.05,0.1,0.05,0.1,FC Barcelona,2023-2024,
6,Lamine Yamal,es ESP,FW,16,37,22,2201,24.5,5,5,10,5,0,0,3,0,5.2,5.2,6.2,11.4,123,80,350,0.2,0.2,0.41,0.2,0.41,0.21,0.25,0.47,0.21,0.47,FC Barcelona,2023-2024,
7,Ronald Araï¿½ï,uy URU,DF,24,25,21,1997,22.2,1,2,3,1,0,0,6,0,2.1,2.1,1.4,3.5,24,101,11,0.05,0.09,0.14,0.05,0.14,0.09,0.07,0.16,0.09,0.16,FC Barcelona,2023-2024,
8,Frenkie de Jong,nl NED,MF,26,20,20,1634,18.2,2,0,2,2,0,0,7,0,0.7,0.7,2.2,2.9,69,168,38,0.11,0,0.11,0.11,0.11,0.04,0.12,0.16,0.04,0.16,FC Barcelona,2023-2024,
9,Pau Cubarsï¿,es ESP,DF,16,19,18,1558,17.3,0,0,0,0,0,0,4,0,0.1,0.1,0.4,0.5,8,75,2,0,0,0,0,0,0.01,0.02,0.03,0.01,0.03,FC Barcelona,2023-2024,
10,Joï¿½ï¿½o Fï,pt POR,FW,23,30,18,1540,17.1,7,3,10,7,0,0,3,0,8.7,8.7,3.1,11.9,69,68,169,0.41,0.18,0.58,0.41,0.58,0.51,0.18,0.69,0.51,0.69,FC Barcelona,2023-2024,
11,Raphinha,br BRA,"FW,MF",26,28,17,1368,15.2,6,9,15,5,1,1,4,1,7.4,6.6,5.7,12.3,49,57,164,0.39,0.59,0.99,0.33,0.92,0.48,0.37,0.86,0.43,0.81,FC Barcelona,2023-2024,
12,Pedri,es ESP,"MF,FW",20,24,16,1476,16.4,4,2,6,4,0,0,3,0,3.1,3.1,4.2,7.3,41,136,81,0.24,0.12,0.37,0.24,0.37,0.19,0.25,0.44,0.19,0.44,FC Barcelona,2023-2024,
13,Alejandro Balde,es ESP,DF,19,18,15,1378,15.3,0,1,1,0,0,0,1,0,0.1,0.1,1.2,1.4,73,41,141,0,0.07,0.07,0,0.07,0.01,0.08,0.09,0.01,0.09,FC Barcelona,2023-2024,
14,Fermin Lï¿½ï¿,es ESP,"MF,FW",20,31,14,1446,16.1,8,0,8,8,0,0,2,0,7.5,7.5,1.1,8.6,42,76,93,0.5,0,0.5,0.5,0.5,0.47,0.07,0.54,0.47,0.54,FC Barcelona,2023-2024,
15,Iï¿½ï¿½igo Martï,es ESP,DF,32,20,13,1296,14.4,0,0,0,0,0,0,5,0,0.4,0.4,0,0.4,33,97,5,0,0,0,0,0,0.03,0,0.03,0.03,0.03,FC Barcelona,2023-2024,
16,Ferrï¿½ï¿½n To,es ESP,FW,23,29,12,1211,13.5,7,2,9,7,0,0,2,0,5.5,5.5,2.7,8.2,30,44,113,0.52,0.15,0.67,0.52,0.67,0.41,0.2,0.61,0.41,0.61,FC Barcelona,2023-2024,
17,Oriol Romeu,es ESP,MF,31,28,11,936,10.4,0,1,1,0,0,0,4,0,0.7,0.7,1.3,2,12,66,4,0,0.1,0.1,0,0.1,0.07,0.12,0.19,0.07,0.19,FC Barcelona,2023-2024,
18,Gavi,es ESP,"MF,FW",18,12,10,944,10.5,1,1,2,1,0,0,5,0,0.9,0.9,1.1,2,26,39,38,0.1,0.1,0.19,0.1,0.19,0.09,0.1,0.19,0.09,0.19,FC Barcelona,2023-2024,
19,Iï¿½ï¿½aki P,es ESP,GK,24,10,10,900,10,0,0,0,0,0,0,0,0,0,0,0,0,0,0,0,0,0,0,0,0,0,0,0,0,0,FC Barcelona,2023-2024,
20,Sergi Roberto,es ESP,"MF,DF",31,14,10,860,9.6,3,2,5,3,0,0,4,0,1.7,1.7,0.8,2.4,13,50,33,0.31,0.21,0.52,0.31,0.52,0.18,0.08,0.26,0.18,0.26,FC Barcelona,2023-2024,
21,Hï¿½ï¿½ctor ,es ESP,DF,16,7,4,318,3.5,0,2,2,0,0,0,0,0,0,0,0.8,0.8,3,7,38,0,0.57,0.57,0,0.57,0,0.23,0.23,0,0.23,FC Barcelona,2023-2024,
22,Marcos Alonso,es ESP,DF,32,5,3,252,2.8,0,0,0,0,0,0,0,0,0.1,0.1,0.5,0.6,11,14,33,0,0,0,0,0,0.03,0.18,0.21,0.03,0.21,FC Barcelona,2023-2024,
23,Vitor Roque,br BRA,FW,18,14,2,328,3.6,2,0,2,2,0,0,4,1,2.5,2.5,0,2.6,12,2,26,0.55,0,0.55,0.55,0.55,0.7,0.01,0.71,0.7,0.71,FC Barcelona,2023-2024,
24,Marc Guiu,es ESP,"FW,MF",17,3,1,74,0.8,1,0,1,1,0,0,1,0,0.8,0.8,0.3,1,1,1,8,1.22,0,1.22,1.22,1.22,0.92,0.32,1.24,0.92,1.24,FC Barcelona,2023-2024,
25,Abde Ezzalzouli,ma MAR,"FW,MF",21,2,0,68,0.8,0,0,0,0,0,0,0,0,0.2,0.2,0.1,0.3,7,1,12,0,0,0,0,0,0.28,0.09,0.37,0.28,0.37,FC Barcelona,2023-2024,
26,Eric Garcï¿½,es ESP,DF,22,2,0,57,0.6,0,0,0,0,0,0,1,0,0,0,0,0,0,5,0,0,0,0,0,0,0.07,0,0.07,0.07,0.07,FC Barcelona,2023-2024,
27,Ansu Fati,es ESP,"MF,FW",20,3,0,50,0.6,0,0,0,0,0,0,0,0,0.7,0.7,0,0.7,6,4,5,0,0,0,0,0,1.34,0,1.34,1.34,1.34,FC Barcelona,2023-2024,
28,Marc Casado,es ESP,MF,19,2,0,15,0.2,0,0,0,0,0,0,0,0,0,0,0,0,1,1,0,0,0,0,0,0,0,0,0,0,0,FC Barcelona,2023-2024,
29,Ander Astralaga,es ESP,GK,19,0,0,,,,,,,,,,,,,,,,,,,,,,,,,,,,FC Barcelona,2023-2024,
30,Aleix Garrido,es ESP,MF,19,0,0,,,,,,,,,,,,,,,,,,,,,,,,,,,,FC Barcelona,2023-2024,
31,Unai Hernandez,es ESP,MF,18,0,0,,,,,,,,,,,,,,,,,,,,,,,,,,,,FC Barcelona,2023-2024,
32,Diego Kochen,us USA,GK,17,0,0,,,,,,,,,,,,,,,,,,,,,,,,,,,,FC Barcelona,2023-2024,
33,Mikayil Ngor Faye,sn SEN,MF,19,0,0,,,,,,,,,,,,,,,,,,,,,,,,,,,,FC Barcelona,2023-2024,
34,Pau Prim,es ESP,MF,17,0,0,,,,,,,,,,,,,,,,,,,,,,,,,,,,FC Barcelona,2023-2024,
35,Pau Victor Delgado,es ESP,FW,21,0,0,,,,,,,,,,,,,,,,,,,,,,,,,,,,FC Barcelona,2023-2024,
36,ýýron Yaakobishvili,hu HUN,GK,17,0,0,,,,,,,,,,,,,,,,,,,,,,,,,,,,FC Barcelona,2023-2024,
37,Squad Total,,,26,38,418,3420,38,76,55,131,70,6,7,87,2,77.6,72.1,57.4,129.5,964,1925,1911,2,1.45,3.45,1.84,3.29,2.04,1.51,3.55,1.9,3.41,FC Barcelona,2023-2024,
38,Opponent Total,,,26.9,38,418,3420,38,44,35,79,42,2,2,98,8,41.6,40.1,30.9,71,487,992,982,1.16,0.92,2.08,1.11,2.03,1.1,0.81,1.91,1.05,1.87,FC Barcelona,2023-2024,
0,Rubï¿½ï¿½n Alc,es ESP,MF,32,,36,3134,34.8,3,1,4,1,2,2,14,0,3.3,1.7,1.4,3.1,27,154,37,0.09,0.03,0.11,0.03,0.06,0.09,0.04,0.13,0.05,0.09,Cadiz,2023-2024,36
1,Jeremï¿½ï¿½as Led,ar ARG,GK,30,,34,3048,33.9,0,0,0,0,0,0,0,0,0,0,0.1,0.1,0,0,0,0,0,0,0,0,0,0,0,0,0,Cadiz,2023-2024,34
2,Chris Ramos,es ESP,"FW,MF",26,,30,2612,29,5,1,6,5,0,0,5,0,10.1,10.1,1.7,11.7,31,28,102,0.17,0.03,0.21,0.17,0.21,0.35,0.06,0.4,0.35,0.4,Cadiz,2023-2024,37
3,Fali,es ESP,DF,29,,30,2547,28.3,0,0,0,0,0,0,12,0,0.8,0.8,0.1,0.9,16,82,10,0,0,0,0,0,0.03,0,0.03,0.03,0.03,Cadiz,2023-2024,30
4,Isaac Carcelen,es ESP,DF,30,,29,2611,29,0,0,0,0,0,0,2,0,0.6,0.6,1,1.6,25,75,70,0,0,0,0,0,0.02,0.03,0.06,0.02,0.06,Cadiz,2023-2024,35
5,Javi Hernï¿½ï¿½,es ESP,DF,25,,28,2514,27.9,1,2,3,1,0,0,10,0,1.4,1.4,2.1,3.5,40,94,57,0.04,0.07,0.11,0.04,0.11,0.05,0.07,0.13,0.05,0.13,Cadiz,2023-2024,30
6,Roberto Navarro,es ESP,"MF,FW",21,,24,1888,21,1,1,2,1,0,0,0,1,2.1,2.1,3.1,5.3,81,70,119,0.05,0.05,0.1,0.05,0.1,0.1,0.15,0.25,0.1,0.25,Cadiz,2023-2024,28
7,Vï¿½ï¿½ctor C,es ESP,DF,23,,22,1864,20.7,0,1,1,0,0,0,3,2,0.3,0.3,0.3,0.6,10,80,2,0,0.05,0.05,0,0.05,0.02,0.01,0.03,0.02,0.03,Cadiz,2023-2024,22
8,Ivï¿½ï¿½n A,es ESP,MF,28,,21,1692,18.8,0,2,2,0,0,0,17,0,0.5,0.5,1.3,1.8,48,31,104,0,0.11,0.11,0,0.11,0.03,0.07,0.1,0.03,0.1,Cadiz,2023-2024,30
9,Gonzalo Escalante,ar ARG,MF,30,,18,1697,18.9,1,2,3,1,0,0,2,1,1.9,1.9,1.7,3.6,4,66,14,0.05,0.11,0.16,0.05,0.16,0.1,0.09,0.19,0.1,0.19,Cadiz,2023-2024,25
10,Rubï¿½ï¿½n Sob,es ESP,"MF,FW",31,,18,1646,18.3,0,1,1,0,0,0,8,1,1.8,1.8,2.3,4.1,27,34,78,0,0.05,0.05,0,0.05,0.1,0.12,0.22,0.1,0.22,Cadiz,2023-2024,32
11,Roger Martï¿,es ESP,FW,32,,18,1359,15.1,2,3,5,2,0,0,3,0,2.8,2.8,2.9,5.6,7,19,64,0.13,0.2,0.33,0.13,0.33,0.18,0.19,0.37,0.18,0.37,Cadiz,2023-2024,23
12,Lucas,br BRA,DF,22,,15,1539,17.1,1,0,1,1,0,0,6,0,0.8,0.8,1.9,2.7,30,47,65,0.06,0,0.06,0.06,0.06,0.05,0.11,0.16,0.05,0.16,Cadiz,2023-2024,28
13,ýýlex Fernýýndez,es ESP,MF,30,,14,1285,14.3,0,1,1,0,0,0,3,0,0.3,0.3,0.8,1,11,52,26,0,0.07,0.07,0,0.07,0.02,0.05,0.07,0.02,0.07,Cadiz,2023-2024,26
14,Maxi Gï¿½ï¿,uy URU,FW,26,,12,1163,12.9,0,0,0,0,0,0,2,0,1.6,1.6,0.6,2.2,13,11,54,0,0,0,0,0,0.12,0.04,0.17,0.12,0.17,Cadiz,2023-2024,31
15,Darwin Machï¿½,ve VEN,MF,30,,10,785,8.7,4,0,4,3,1,1,0,1,1.4,0.6,0.7,1.3,20,15,54,0.46,0,0.46,0.34,0.34,0.16,0.08,0.24,0.07,0.15,Cadiz,2023-2024,21
16,Juanmi,es ESP,FW,30,,9,873,9.7,3,1,4,3,0,0,3,0,2.5,2.5,1.6,4.2,7,12,40,0.31,0.1,0.41,0.31,0.41,0.26,0.17,0.43,0.26,0.43,Cadiz,2023-2024,16
17,Rominigue Kouamï¿,ml MLI,MF,26,,9,821,9.1,0,0,0,0,0,0,2,0,0.3,0.3,0.1,0.4,16,34,5,0,0,0,0,0,0.03,0.01,0.04,0.03,0.04,Cadiz,2023-2024,16
18,Joseba Zaldï¿½,es ESP,DF,31,,9,704,7.8,0,0,0,0,0,0,3,0,0,0,0.5,0.6,7,15,33,0,0,0,0,0,0,0.07,0.07,0,0.07,Cadiz,2023-2024,13
19,Luis Hernï¿½ï¿½,es ESP,DF,34,,8,723,8,1,0,1,1,0,0,4,0,1,1,0.4,1.3,2,31,1,0.12,0,0.12,0.12,0.12,0.12,0.04,0.16,0.12,0.16,Cadiz,2023-2024,9
20,Jorge Merï¿,es ESP,DF,26,,8,673,7.5,0,0,0,0,0,0,0,0,0.2,0.2,0,0.2,2,15,0,0,0,0,0,0,0.02,0,0.02,0.02,0.02,Cadiz,2023-2024,10
21,Aiham Ousou,sy SYR,DF,23,,5,430,4.8,0,0,0,0,0,0,0,0,0.2,0.2,0,0.2,2,7,0,0,0,0,0,0,0.04,0,0.04,0.04,0.04,Cadiz,2023-2024,6
22,David Gil,es ESP,GK,29,,4,372,4.1,0,0,0,0,0,0,1,0,0,0,0,0,0,0,0,0,0,0,0,0,0,0,0,0,0,Cadiz,2023-2024,5
23,Fede San Emeterio,es ESP,MF,26,,3,152,1.7,1,0,1,1,0,0,1,1,0.1,0.1,0.1,0.1,0,4,0,0.59,0,0.59,0.59,0.59,0.03,0.05,0.09,0.03,0.09,Cadiz,2023-2024,4
24,Mamadou Mbaye,sn SEN,DF,25,,2,288,3.2,0,0,0,0,0,0,2,0,0.3,0.3,0,0.3,0,4,0,0,0,0,0,0,0.11,0,0.11,0.11,0.11,Cadiz,2023-2024,4
25,Sergi Guardiola,es ESP,"FW,MF",32,,1,495,5.5,1,1,2,1,0,0,1,0,1.8,1.8,0.8,2.6,10,19,32,0.18,0.18,0.36,0.18,0.36,0.33,0.14,0.48,0.33,0.48,Cadiz,2023-2024,22
26,Brian Ocampo,uy URU,"MF,FW",24,,1,248,2.8,1,0,1,1,0,0,2,0,0.3,0.3,0.1,0.3,18,9,25,0.36,0,0.36,0.36,0.36,0.1,0.03,0.13,0.1,0.13,Cadiz,2023-2024,13
27,Diadie Samassï¿½ï¿,ml MLI,MF,27,,0,92,1,0,0,0,0,0,0,0,0,0,0,0,0,2,7,1,0,0,0,0,0,0.03,0.02,0.04,0.03,0.04,Cadiz,2023-2024,4
28,ýýlvaro Negredo,es ESP,"FW,MF",37,,0,54,0.6,0,0,0,0,0,0,0,0,0.1,0.1,0.1,0.2,0,0,0,0,0,0,0,0,0.16,0.13,0.28,0.16,0.28,Cadiz,2023-2024,7
29,Karl Etta,cm CMR,FW,19,,0,21,0.2,0,0,0,0,0,0,0,0,0,0,0,0,0,0,1,0,0,0,0,0,0,0,0,0,0,Cadiz,2023-2024,1
30,Josï¿½ï¿½ ,es ESP,"MF,FW",35,,0,14,0.2,0,0,0,0,0,0,1,0,0,0,0,0,0,1,1,0,0,0,0,0,0,0.18,0.18,0,0.18,Cadiz,2023-2024,3
31,Milutin Osmajiï¿,me MNE,MF,24,,0,5,0.1,0,0,0,0,0,0,0,0,0.1,0.1,0,0.1,0,0,0,0,0,0,0,0,1.46,0.8,2.26,1.46,2.26,Cadiz,2023-2024,1
32,Borja Vï¿½ï¿½z,es ESP,FW,18,,0,4,0,0,0,0,0,0,0,0,0,0,0,0.1,0.1,0,1,1,0,0,0,0,0,0,1.7,1.7,0,1.7,Cadiz,2023-2024,1
33,Moussa Diakitï¿,ml MLI,MF,19,,0,1,0,0,0,0,0,0,0,0,0,0,0,0,0,0,0,0,0,0,0,0,0,0,0,0,0,0,Cadiz,2023-2024,1
34,Nando Almodï¿½ï¿,es ESP,GK,19,,0,,,,,,,,,,,,,,,,,,,,,,,,,,,,Cadiz,2023-2024,0
35,Josï¿½ï¿½ Ant,es ESP,FW,19,,0,,,,,,,,,,,,,,,,,,,,,,,,,,,,Cadiz,2023-2024,0
36,ýýlvaro Bastida,es ESP,MF,19,,0,,,,,,,,,,,,,,,,,,,,,,,,,,,,Cadiz,2023-2024,0
37,Alejandro Morata,es ESP,DF,17,,0,,,,,,,,,,,,,,,,,,,,,,,,,,,,Cadiz,2023-2024,0
38,Aristide Njalla,cm CMR,MF,20,,0,,,,,,,,,,,,,,,,,,,,,,,,,,,,Cadiz,2023-2024,0
39,Victor Wehbi,br BRA,GK,20,,0,,,,,,,,,,,,,,,,,,,,,,,,,,,,Cadiz,2023-2024,0
40,Squad Total,,,28.5,,418,3420,38,25,17,42,22,3,3,107,7,36,33.6,25.2,58.9,456,1017,996,0.66,0.45,1.11,0.58,1.03,0.95,0.66,1.61,0.88,1.55,Cadiz,2023-2024,38
41,Opponent Total,,,27.3,,418,3420,38,54,37,91,52,2,2,97,4,52.3,50.7,40.2,90.9,787,1679,1662,1.42,0.97,2.39,1.37,2.34,1.38,1.06,2.43,1.34,2.39,Cadiz,2023-2024,38
0,Jï¿½ï¿½rgen Strand La,no NOR,FW,23,37,36,2863,31.8,13,3,16,13,0,0,5,0,14.5,14.5,2.5,17,33,25,183,0.41,0.09,0.5,0.41,0.5,0.46,0.08,0.54,0.46,0.54,Celta Vigo,2023-2024,
1,ýýscar Mingueza,es ESP,"DF,MF",24,38,33,2998,33.3,2,2,4,2,0,0,4,0,2.6,2.6,3.9,6.5,74,170,134,0.06,0.06,0.12,0.06,0.12,0.08,0.12,0.2,0.08,0.2,Celta Vigo,2023-2024,
2,Unai Nï¿½ï¿½,es ESP,DF,26,34,31,2801,31.1,1,0,1,1,0,0,4,0,1.4,1.4,0.8,2.2,10,106,2,0.03,0,0.03,0.03,0.03,0.05,0.02,0.07,0.05,0.07,Celta Vigo,2023-2024,
3,Iago Aspas,es ESP,FW,35,35,31,2707,30.1,9,10,19,6,3,5,6,1,11.5,7.5,10.1,17.6,84,161,202,0.3,0.33,0.63,0.2,0.53,0.38,0.34,0.72,0.25,0.59,Celta Vigo,2023-2024,
4,Fran Beltrï¿½,es ESP,MF,24,33,28,2428,27,0,0,0,0,0,0,2,0,0.7,0.7,1.1,1.8,28,134,30,0,0,0,0,0,0.03,0.04,0.07,0.03,0.07,Celta Vigo,2023-2024,
5,Vicente Guaita,es ESP,GK,36,27,26,2403,26.7,0,0,0,0,0,0,2,0,0,0,0,0,0,0,0,0,0,0,0,0,0,0,0,0,0,Celta Vigo,2023-2024,
6,Carl Starfelt,se SWE,DF,28,27,26,2216,24.6,1,0,1,1,0,0,4,0,1.4,1.4,0.2,1.6,5,38,1,0.04,0,0.04,0.04,0.04,0.06,0.01,0.06,0.06,0.06,Celta Vigo,2023-2024,
7,Jonathan Bamba,ci CIV,"MF,FW",27,27,24,1981,22,3,2,5,3,0,0,0,0,3,3,4.7,7.7,107,80,169,0.14,0.09,0.23,0.14,0.23,0.14,0.21,0.35,0.14,0.35,Celta Vigo,2023-2024,
8,Luca de la Torre,us USA,MF,25,31,22,1956,21.7,1,4,5,1,0,0,4,1,2.5,2.5,1.4,3.9,58,93,88,0.05,0.18,0.23,0.05,0.23,0.11,0.07,0.18,0.11,0.18,Celta Vigo,2023-2024,
9,Manu Sï¿½ï¿½n,es ESP,"DF,MF",22,26,20,1775,19.7,0,5,5,0,0,0,3,0,0.5,0.5,2.7,3.2,41,74,67,0,0.25,0.25,0,0.25,0.02,0.14,0.16,0.02,0.16,Celta Vigo,2023-2024,
10,Carlos Dominguez,es ESP,DF,22,22,18,1584,17.6,0,0,0,0,0,0,2,0,0.3,0.3,0.1,0.4,11,63,3,0,0,0,0,0,0.02,0.01,0.02,0.02,0.02,Celta Vigo,2023-2024,
11,Renato Tapia,pe PER,"MF,DF",28,21,15,1337,14.9,0,0,0,0,0,0,5,1,1,1,0.6,1.6,9,61,14,0,0,0,0,0,0.07,0.04,0.11,0.07,0.11,Celta Vigo,2023-2024,
12,Ivï¿½ï¿½n Vi,es ESP,GK,26,12,12,1014,11.3,0,0,0,0,0,0,0,2,0,0,0.1,0.1,0,0,0,0,0,0,0,0,0,0.01,0.01,0,0.01,Celta Vigo,2023-2024,
13,Javier Manquillo,es ESP,"DF,MF",29,12,10,744,8.3,0,1,1,0,0,0,3,0,0.1,0.1,0.2,0.3,5,25,16,0,0.12,0.12,0,0.12,0.01,0.02,0.04,0.01,0.04,Celta Vigo,2023-2024,
14,Kevin Vï¿½ï¿½z,es ESP,DF,30,12,10,700,7.8,0,0,0,0,0,0,3,0,0,0,0.2,0.2,6,28,20,0,0,0,0,0,0,0.02,0.03,0,0.03,Celta Vigo,2023-2024,
15,Jailson Siqueira,br BRA,"DF,MF",27,14,9,897,10,0,1,1,0,0,0,1,0,0.2,0.2,0.5,0.7,16,38,8,0,0.1,0.1,0,0.1,0.02,0.05,0.07,0.02,0.07,Celta Vigo,2023-2024,
16,Mihailo Ristiï¿,rs SRB,"DF,MF",27,12,9,808,9,0,0,0,0,0,0,2,0,0.3,0.3,0.1,0.5,24,30,42,0,0,0,0,0,0.04,0.01,0.05,0.04,0.05,Celta Vigo,2023-2024,
17,Hugo ï¿½ï¿½lv,es ESP,"MF,DF",20,12,8,762,8.5,1,1,2,1,0,0,1,0,1,1,1.5,2.6,36,34,80,0.12,0.12,0.24,0.12,0.24,0.12,0.18,0.3,0.12,0.3,Celta Vigo,2023-2024,
18,Hugo Sotelo,es ESP,MF,19,17,8,721,8,0,1,1,0,0,0,1,0,0.3,0.3,1.6,1.9,16,55,13,0,0.12,0.12,0,0.12,0.04,0.19,0.24,0.04,0.24,Celta Vigo,2023-2024,
19,Anastasios Douvikas,gr GRE,FW,23,32,7,905,10.1,7,1,8,7,0,0,2,0,4.6,4.6,1.3,5.9,10,13,53,0.7,0.1,0.8,0.7,0.8,0.46,0.13,0.59,0.46,0.59,Celta Vigo,2023-2024,
20,Carles Pï¿½ï¿,es ESP,"MF,DF",25,16,7,772,8.6,1,1,2,1,0,0,3,0,1.2,1.2,1.3,2.4,34,18,66,0.12,0.12,0.23,0.12,0.23,0.14,0.15,0.28,0.14,0.28,Celta Vigo,2023-2024,
21,Carlos Dotor,es ESP,MF,22,17,7,708,7.9,0,0,0,0,0,0,2,0,0.2,0.2,0.1,0.3,3,30,12,0,0,0,0,0,0.02,0.02,0.04,0.02,0.04,Celta Vigo,2023-2024,
22,Franco Cervi,ar ARG,"MF,DF",29,17,5,546,6.1,0,1,1,0,0,0,2,0,0.5,0.5,2,2.5,16,24,36,0,0.16,0.16,0,0.16,0.08,0.34,0.41,0.08,0.41,Celta Vigo,2023-2024,
23,Williot Swedberg,se SWE,"FW,MF",19,15,4,439,4.9,5,0,5,5,0,0,1,0,2.3,2.3,0.2,2.5,7,6,26,1.03,0,1.03,1.03,1.03,0.47,0.04,0.51,0.47,0.51,Celta Vigo,2023-2024,
24,Joseph Aidoo,gh GHA,DF,27,6,4,407,4.5,0,0,0,0,0,0,0,0,0.1,0.1,0.1,0.2,2,12,0,0,0,0,0,0,0.02,0.01,0.04,0.02,0.04,Celta Vigo,2023-2024,
25,Damiï¿½ï¿½n Rodrï¿,es ESP,MF,20,5,3,258,2.9,0,2,2,0,0,0,1,0,0,0,0.8,0.8,2,9,4,0,0.7,0.7,0,0.7,0.01,0.27,0.28,0.01,0.28,Celta Vigo,2023-2024,
26,Tadeo Allende,ar ARG,"MF,FW",24,10,2,336,3.7,1,0,1,1,0,0,1,0,1.2,1.2,0.4,1.6,9,7,25,0.27,0,0.27,0.27,0.27,0.33,0.1,0.43,0.33,0.43,Celta Vigo,2023-2024,
27,Miguel Rodrï¿½ï¿½,es ESP,MF,20,15,2,300,3.3,0,0,0,0,0,0,2,0,0.2,0.2,0.2,0.4,14,8,35,0,0,0,0,0,0.07,0.05,0.11,0.07,0.11,Celta Vigo,2023-2024,
28,Yoel Lago,es ESP,DF,19,1,1,90,1,0,0,0,0,0,0,0,0,0,0,0,0,0,2,0,0,0,0,0,0,0,0,0,0,0,Celta Vigo,2023-2024,
29,Javier Rueda Garcia,es ESP,"MF,DF",21,1,0,20,0.2,0,0,0,0,0,0,0,0,0,0,0,0,0,1,2,0,0,0,0,0,0,0,0,0,0,Celta Vigo,2023-2024,
30,Gabriel Veiga,es ESP,FW,21,1,0,18,0.2,0,0,0,0,0,0,0,0,0,0,0,0,0,0,1,0,0,0,0,0,0,0,0,0,0,Celta Vigo,2023-2024,
31,Coke Carrillo,es ESP,GK,21,0,0,,,,,,,,,,,,,,,,,,,,,,,,,,,,Celta Vigo,2023-2024,
32,Javier Dominguez,es ESP,DF,22,0,0,,,,,,,,,,,,,,,,,,,,,,,,,,,,Celta Vigo,2023-2024,
33,Cï¿½ï¿½sar Fernï¿,es ESP,GK,19,0,0,,,,,,,,,,,,,,,,,,,,,,,,,,,,Celta Vigo,2023-2024,
34,Agustï¿½ï¿½n Marche,ar ARG,GK,35,0,0,,,,,,,,,,,,,,,,,,,,,,,,,,,,Celta Vigo,2023-2024,
35,Gonï¿½ï¿½alo Paciï¿,pt POR,FW,28,0,0,,,,,,,,,,,,,,,,,,,,,,,,,,,,Celta Vigo,2023-2024,
36,Javi Rodrï¿½ï¿½,es ESP,DF,20,0,0,,,,,,,,,,,,,,,,,,,,,,,,,,,,Celta Vigo,2023-2024,
37,Ruly,es ESP,GK,23,0,0,,,,,,,,,,,,,,,,,,,,,,,,,,,,Celta Vigo,2023-2024,
38,Squad Total,,,26.7,38,418,3420,38,45,35,80,42,3,5,66,5,50.7,46.9,38.2,85.1,660,1345,1332,1.18,0.92,2.11,1.11,2.03,1.34,1.01,2.34,1.23,2.24,Celta Vigo,2023-2024,
39,Opponent Total,,,27.1,38,418,3420,38,54,32,86,48,6,8,89,4,54.6,48.4,35.9,84.3,651,1535,1517,1.42,0.84,2.26,1.26,2.11,1.44,0.95,2.38,1.27,2.22,Celta Vigo,2023-2024,
0,David Soria,es ESP,GK,30,38,38,3413,37.9,0,0,0,0,0,0,3,0,0,0,0,0,0,0,0,0,0,0,0,0,0,0,0,0,0,Getafe,2023-2024,
1,Nemanja Maksimoviï¿,rs SRB,MF,28,37,37,3265,36.3,4,0,4,4,0,0,4,0,5.5,5.5,1.1,6.6,22,73,35,0.11,0,0.11,0.11,0.11,0.15,0.03,0.18,0.15,0.18,Getafe,2023-2024,
2,Mason Greenwood,eng ENG,"MF,FW",21,33,30,2662,29.6,8,6,14,6,2,3,6,1,8.8,6.4,4.6,11,127,89,239,0.27,0.2,0.47,0.2,0.41,0.3,0.15,0.45,0.22,0.37,Getafe,2023-2024,
3,Djenï¿,tg TOG,"DF,MF",31,33,30,2484,27.6,0,0,0,0,0,0,14,1,0.1,0.1,0.3,0.4,13,98,19,0,0,0,0,0,0,0.01,0.02,0,0.02,Getafe,2023-2024,
4,Gastï¿½ï¿½n ï¿½ï,uy URU,DF,23,34,29,2537,28.2,2,0,2,2,0,0,7,0,0.7,0.7,0.6,1.4,11,63,40,0.07,0,0.07,0.07,0.07,0.03,0.02,0.05,0.03,0.05,Getafe,2023-2024,
5,Diego Rico,es ESP,DF,30,32,28,2535,28.2,0,7,7,0,0,0,10,0,0.3,0.3,3.8,4.1,28,119,79,0,0.25,0.25,0,0.25,0.01,0.14,0.15,0.01,0.15,Getafe,2023-2024,
6,Borja Mayoral,es ESP,FW,26,27,25,2153,23.9,15,1,16,11,4,4,2,0,11.9,8.7,1.4,10.1,27,67,100,0.63,0.04,0.67,0.46,0.5,0.5,0.06,0.55,0.36,0.42,Getafe,2023-2024,
7,Luis Milla,es ESP,MF,28,27,25,2115,23.5,0,1,1,0,0,0,6,0,0.6,0.6,1.7,2.3,31,121,35,0,0.04,0.04,0,0.04,0.03,0.07,0.1,0.03,0.1,Getafe,2023-2024,
8,Omar Alderete,py PAR,DF,26,31,24,2195,24.4,0,1,1,0,0,0,8,1,1.2,1.2,1,2.2,23,98,9,0,0.04,0.04,0,0.04,0.05,0.04,0.09,0.05,0.09,Getafe,2023-2024,
9,Jaime Mata,es ESP,"FW,MF",34,35,22,1787,19.9,5,1,6,5,0,0,10,1,5.6,5.6,1.5,7.2,16,19,138,0.25,0.05,0.3,0.25,0.3,0.28,0.08,0.36,0.28,0.36,Getafe,2023-2024,
10,Iglesias,es ESP,"DF,FW",25,23,16,1412,15.7,0,2,2,0,0,0,4,0,0.6,0.6,0.7,1.3,16,43,48,0,0.13,0.13,0,0.13,0.04,0.04,0.08,0.04,0.08,Getafe,2023-2024,
11,Juanmi Latasa,es ESP,FW,22,32,15,1555,17.3,2,0,2,2,0,0,7,1,3.6,3.5,1.5,5,7,16,82,0.12,0,0.12,0.12,0.12,0.21,0.09,0.29,0.2,0.29,Getafe,2023-2024,
12,Carmona,es ESP,"DF,MF",21,30,15,1313,14.6,1,1,2,1,0,0,8,0,0.8,0.8,1,1.8,29,39,55,0.07,0.07,0.14,0.07,0.14,0.06,0.07,0.12,0.06,0.12,Getafe,2023-2024,
13,Damiï¿½ï¿½n Suï,uy URU,DF,35,16,15,1299,14.4,0,2,2,0,0,0,7,1,0.3,0.3,0.8,1.2,20,58,47,0,0.14,0.14,0,0.14,0.02,0.06,0.08,0.02,0.08,Getafe,2023-2024,
14,Domingos Duarte,pt POR,DF,28,15,11,907,10.1,0,0,0,0,0,0,5,2,0.3,0.3,0.1,0.4,7,47,0,0,0,0,0,0,0.03,0.01,0.04,0.03,0.04,Getafe,2023-2024,
15,Carles Aleï¿½ï,es ESP,MF,25,29,10,1020,11.3,1,1,2,1,0,0,6,0,1.2,1.2,1.6,2.8,12,23,45,0.09,0.09,0.18,0.09,0.18,0.11,0.14,0.25,0.11,0.25,Getafe,2023-2024,
16,ýýscar Rodrýýguez Arnaiz,es ESP,"MF,FW",25,24,9,967,10.7,2,1,3,2,0,0,9,0,1.5,1.5,2.1,3.6,13,52,48,0.19,0.09,0.28,0.19,0.28,0.14,0.2,0.34,0.14,0.34,Getafe,2023-2024,
17,Stefan Mitroviï¿,rs SRB,DF,33,11,9,699,7.8,1,0,1,1,0,0,3,0,0.1,0.1,0.3,0.4,4,19,2,0.13,0,0.13,0.13,0.13,0.01,0.04,0.05,0.01,0.05,Getafe,2023-2024,
18,Jesï¿½ï¿½s Sant,es ESP,MF,19,14,8,656,7.3,1,0,1,1,0,0,4,0,0.6,0.6,0.4,1,5,15,12,0.14,0,0.14,0.14,0.14,0.08,0.05,0.14,0.08,0.14,Getafe,2023-2024,
19,Ilaix Moriba,gn GUI,"MF,FW",20,14,8,605,6.7,0,2,2,0,0,0,5,1,0.3,0.3,0.6,0.9,8,21,19,0,0.3,0.3,0,0.3,0.05,0.09,0.14,0.05,0.14,Getafe,2023-2024,
20,Jordi,es ESP,"MF,DF",22,13,5,573,6.4,0,0,0,0,0,0,1,0,1.3,1.3,0.6,1.8,6,14,28,0,0,0,0,0,0.2,0.09,0.28,0.2,0.28,Getafe,2023-2024,
21,Mauro Arambarri,uy URU,MF,27,7,3,339,3.8,0,0,0,0,0,0,2,0,0.5,0.5,0,0.6,2,20,6,0,0,0,0,0,0.14,0.01,0.15,0.14,0.15,Getafe,2023-2024,
22,Nabil Aberdin,fr FRA,DF,20,2,2,180,2,0,0,0,0,0,0,0,0,0,0,0,0,0,7,0,0,0,0,0,0,0,0,0,0,0,Getafe,2023-2024,
23,Fabrizio Angileri,ar ARG,"DF,MF",29,11,2,164,1.8,0,0,0,0,0,0,2,1,0,0,1.3,1.3,2,7,6,0,0,0,0,0,0,0.73,0.73,0,0.73,Getafe,2023-2024,
24,Enes ï¿½ï¿,tr TUR,"FW,MF",26,3,1,140,1.6,0,1,1,0,0,0,0,0,0.1,0.1,0.4,0.5,2,1,7,0,0.64,0.64,0,0.64,0.06,0.24,0.3,0.06,0.3,Getafe,2023-2024,
25,Alberto Risco,es ESP,MF,17,4,1,137,1.5,0,0,0,0,0,0,0,0,0.1,0.1,0.3,0.4,3,6,14,0,0,0,0,0,0.05,0.21,0.26,0.05,0.26,Getafe,2023-2024,
26,Portu,es ESP,FW,31,3,0,97,1.1,0,0,0,0,0,0,1,0,0.2,0.2,0.2,0.3,3,3,3,0,0,0,0,0,0.15,0.14,0.29,0.15,0.29,Getafe,2023-2024,
27,Anthony Lozano,hn HON,"MF,FW",30,6,0,92,1,0,0,0,0,0,0,1,0,0.2,0.2,0.3,0.4,0,1,6,0,0,0,0,0,0.18,0.25,0.43,0.18,0.43,Getafe,2023-2024,
28,Santiago Garcï¿½,es ESP,FW,21,1,0,25,0.3,0,0,0,0,0,0,0,0,0,0,0,0,1,2,1,0,0,0,0,0,0,0,0,0,0,Getafe,2023-2024,
29,Daniel Fuzato,br BRA,GK,26,1,0,7,0.1,0,0,0,0,0,0,0,0,0,0,0,0,0,0,0,0,0,0,0,0,0,0,0,0,0,Getafe,2023-2024,
30,Gorka Rivera Alonso,es ESP,DF,18,1,0,3,0,0,0,0,0,0,0,0,0,0,0,0,0,0,0,0,0,0,0,0,0,0,0,0,0,0,Getafe,2023-2024,
31,Yassin Tallal,es ESP,FW,18,1,0,3,0,0,0,0,0,0,0,0,0,0,0,0,0,1,0,1,0,0,0,0,0,0,0,0,0,0,Getafe,2023-2024,
32,Jeremy Jorge,es ESP,FW,20,1,0,2,0,0,0,0,0,0,0,0,0,0,0,0,0,0,0,0,0,0,0,0,0,0,0,0,0,0,Getafe,2023-2024,
33,Jorge Benito,es ESP,GK,17,0,0,,,,,,,,,,,,,,,,,,,,,,,,,,,,Getafe,2023-2024,
34,Facundo Esnï¿½ï¿½,es ESP,MF,,0,0,,,,,,,,,,,,,,,,,,,,,,,,,,,,Getafe,2023-2024,
35,Sergio Gimeno,es ESP,DF,22,0,0,,,,,,,,,,,,,,,,,,,,,,,,,,,,Getafe,2023-2024,
36,Alejandro Herranz,es ESP,DF,18,0,0,,,,,,,,,,,,,,,,,,,,,,,,,,,,Getafe,2023-2024,
37,John Joe,ie IRL,MF,19,0,0,,,,,,,,,,,,,,,,,,,,,,,,,,,,Getafe,2023-2024,
38,Diego Lï¿½ï¿,es ESP,MF,21,0,0,,,,,,,,,,,,,,,,,,,,,,,,,,,,Getafe,2023-2024,
39,Djordjije Medenica,es ESP,GK,16,0,0,,,,,,,,,,,,,,,,,,,,,,,,,,,,Getafe,2023-2024,
40,Squad Total,,,27.3,38,418,3420,38,42,27,69,36,6,7,135,10,45.7,40.2,27.9,68,439,1141,1124,1.11,0.71,1.82,0.95,1.66,1.2,0.73,1.94,1.06,1.79,Getafe,2023-2024,
41,Opponent Total,,,27.2,38,418,3420,38,54,37,91,49,5,7,105,10,53.8,48.3,38,86.3,599,1325,1309,1.42,0.97,2.39,1.29,2.26,1.42,1,2.42,1.27,2.27,Getafe,2023-2024,
0,Paulo Gazzaniga,ar ARG,GK,31,,38,3420,38,0,0,0,0,0,0,2,0,0,0,0.7,0.7,0,0,0,0,0,0,0,0,0,0.02,0.02,0,0.02,Girona,2023-2024,38
1,Aleix Garcï¿½,es ESP,MF,26,,36,3199,35.5,3,6,9,3,0,0,4,1,1.8,1.8,5.5,7.3,58,294,52,0.08,0.17,0.25,0.08,0.25,0.05,0.16,0.21,0.05,0.21,Girona,2023-2024,37
2,Miguel Gutiï¿½ï¿½,es ESP,DF,22,,35,3032,33.7,2,7,9,2,0,0,4,0,2.8,2.8,7.5,10.2,74,146,184,0.06,0.21,0.27,0.06,0.27,0.08,0.22,0.3,0.08,0.3,Girona,2023-2024,35
3,Sï¿½ï¿,br BRA,"FW,MF",19,,35,2976,33.1,9,10,19,9,0,0,5,0,6.1,6.1,7.9,14,181,93,372,0.27,0.3,0.57,0.27,0.57,0.18,0.24,0.42,0.18,0.42,Girona,2023-2024,37
4,Daley Blind,nl NED,DF,33,,33,2972,33,1,2,3,1,0,0,6,0,1.7,1.7,1.1,2.8,48,209,22,0.03,0.06,0.09,0.03,0.09,0.05,0.03,0.09,0.05,0.09,Girona,2023-2024,34
5,Ivï¿½ï¿½n Mar,es ESP,MF,24,,33,2729,30.3,5,4,9,5,0,0,5,0,2.9,2.9,3.4,6.3,84,143,109,0.16,0.13,0.3,0.16,0.3,0.09,0.11,0.21,0.09,0.21,Girona,2023-2024,36
6,Artem Dovbyk,ua UKR,FW,26,,32,2587,28.7,24,8,32,17,7,8,2,0,24.2,17.9,6.2,24.1,18,26,118,0.83,0.28,1.11,0.59,0.87,0.84,0.21,1.05,0.62,0.84,Girona,2023-2024,36
7,Eric Garcï¿½,es ESP,DF,22,,30,2637,29.3,5,0,5,5,0,0,4,0,2.8,2.8,0.5,3.4,45,221,18,0.17,0,0.17,0.17,0.17,0.1,0.02,0.12,0.1,0.12,Girona,2023-2024,30
8,Yangel Herrera,ve VEN,MF,25,,27,2107,23.4,5,0,5,5,0,0,9,0,4.9,4.9,2.4,7.3,31,92,76,0.21,0,0.21,0.21,0.21,0.21,0.1,0.31,0.21,0.31,Girona,2023-2024,29
9,Viktor Tsyhankov,ua UKR,"MF,FW",25,,26,2052,22.8,8,7,15,8,0,0,0,0,6.2,6.2,5.9,12.1,65,89,226,0.35,0.31,0.66,0.35,0.66,0.27,0.26,0.53,0.27,0.53,Girona,2023-2024,30
10,David Lï¿½ï¿,es ESP,DF,33,,25,1965,21.8,3,0,3,3,0,0,4,0,2.1,1.9,0.2,2.1,15,54,1,0.14,0,0.14,0.14,0.14,0.1,0.01,0.11,0.09,0.1,Girona,2023-2024,25
11,Yan Couto,br BRA,"DF,FW",21,,24,2245,24.9,1,8,9,1,0,0,8,0,1.5,1.5,4.2,5.7,151,97,240,0.04,0.32,0.36,0.04,0.36,0.06,0.17,0.23,0.06,0.23,Girona,2023-2024,34
12,Arnau Martinez,es ESP,DF,20,,14,1241,13.8,0,2,2,0,0,0,5,0,0.2,0.2,1.4,1.6,29,68,16,0,0.15,0.15,0,0.15,0.01,0.1,0.12,0.01,0.12,Girona,2023-2024,21
13,Portu,es ESP,"MF,FW",31,,11,1188,13.2,7,5,12,7,0,0,3,0,3.4,3.4,3.5,6.8,32,32,96,0.53,0.38,0.91,0.53,0.91,0.26,0.26,0.52,0.26,0.52,Girona,2023-2024,33
14,Juanpe,es ESP,DF,32,,6,746,8.3,0,0,0,0,0,0,4,0,0.2,0.2,0,0.2,3,14,0,0,0,0,0,0,0.02,0,0.02,0.02,0.02,Girona,2023-2024,17
15,Cristhian Stuani,uy URU,FW,36,,5,804,8.9,9,3,12,9,0,0,6,0,9.6,9.6,1.9,11.5,3,5,24,1.01,0.34,1.34,1.01,1.34,1.08,0.21,1.29,1.08,1.29,Girona,2023-2024,31
16,Pablo Torre,es ESP,"MF,FW",20,,4,701,7.8,0,2,2,0,0,0,1,0,0.8,0.8,0.9,1.6,25,65,40,0,0.26,0.26,0,0.26,0.1,0.11,0.21,0.1,0.21,Girona,2023-2024,26
17,Valery Fernï¿½ï¿½,es ESP,"MF,FW",23,,2,506,5.6,2,0,2,2,0,0,1,0,0.7,0.7,0.8,1.5,20,12,54,0.36,0,0.36,0.36,0.36,0.12,0.14,0.26,0.12,0.26,Girona,2023-2024,27
18,Jhon Solis,co COL,MF,18,,2,384,4.3,0,0,0,0,0,0,0,0,1,1,0.3,1.4,9,22,13,0,0,0,0,0,0.24,0.07,0.32,0.24,0.32,Girona,2023-2024,18
19,Antal Yaakobishvili,hu HUN,DF,19,,0,61,0.7,0,0,0,0,0,0,0,0,0,0,0.3,0.3,0,0,0,0,0,0,0,0,0,0.37,0.37,0,0.37,Girona,2023-2024,1
20,Jastin Garcï¿½,es ESP,FW,19,,0,32,0.4,0,0,0,0,0,0,0,0,0,0,0,0,2,2,8,0,0,0,0,0,0,0,0,0,0,Girona,2023-2024,3
21,Toni Villa,es ESP,FW,28,,0,13,0.1,0,0,0,0,0,0,0,0,0,0,0,0,1,1,3,0,0,0,0,0,0.17,0,0.17,0.17,0.17,Girona,2023-2024,2
22,Ibrahima Kebe,ml MLI,MF,22,,0,9,0.1,0,0,0,0,0,0,1,0,0,0,0,0,0,0,1,0,0,0,0,0,0,0,0,0,0,Girona,2023-2024,2
23,Bernardo Espinosa,co COL,DF,34,,0,2,0,0,0,0,0,0,0,0,0,0,0,0,0,0,0,0,0,0,0,0,0,0,0,0,0,0,Girona,2023-2024,2
24,Silvi Clï¿½,es ESP,MF,18,,0,1,0,0,0,0,0,0,0,0,0,0,0,0,0,0,0,0,0,0,0,0,0,0,0,0,0,0,Girona,2023-2024,1
25,Juan Carlos,es ESP,GK,35,,0,,0,0,0,0,0,0,0,1,0,,,,,,,,,,,,,,,,,,Girona,2023-2024,0
26,Iker Almena,es ESP,FW,19,,0,,,,,,,,,,,,,,,,,,,,,,,,,,,,Girona,2023-2024,0
27,Ricard Artero,es ESP,MF,20,,0,,,,,,,,,,,,,,,,,,,,,,,,,,,,Girona,2023-2024,0
28,Santiago Bueno,uy URU,DF,24,,0,,,,,,,,,,,,,,,,,,,,,,,,,,,,Girona,2023-2024,0
29,Toni Fuidias,es ESP,GK,22,,0,,,,,,,,,,,,,,,,,,,,,,,,,,,,Girona,2023-2024,0
30,Borja Garcï¿½,es ESP,"FW,MF",32,,0,,,,,,,,,,,,,,,,,,,,,,,,,,,,Girona,2023-2024,0
31,Carles Garrido,es ESP,FW,18,,0,,,,,,,,,,,,,,,,,,,,,,,,,,,,Girona,2023-2024,0
32,Eric Monjonell,es ESP,DF,21,,0,,,,,,,,,,,,,,,,,,,,,,,,,,,,Girona,2023-2024,0
33,Manu Vallejo,es ESP,"FW,MF",26,,0,,,,,,,,,,,,,,,,,,,,,,,,,,,,Girona,2023-2024,0
34,Squad Total,,,26.1,,418,3420,38,84,64,148,77,7,8,75,1,70.8,64.6,54,118.6,894,1685,1673,2.21,1.68,3.89,2.03,3.71,1.86,1.42,3.28,1.7,3.12,Girona,2023-2024,38
35,Opponent Total,,,27.2,,418,3420,38,46,30,76,41,5,7,104,5,54.3,48.9,37.7,86.6,610,1277,1269,1.21,0.79,2,1.08,1.87,1.43,0.99,2.42,1.29,2.28,Girona,2023-2024,38
0,Carlos Neva,es ESP,DF,27,36,36,3146,35,0,2,2,0,0,0,4,0,0.1,0.1,3.2,3.3,43,111,98,0,0.06,0.06,0,0.06,0,0.09,0.1,0,0.1,Granada,2023-2024,
1,Ignasi Miquel,es ESP,DF,30,34,33,2992,33.2,1,1,2,1,0,0,5,0,1.4,1.4,1.2,2.5,8,83,8,0.03,0.03,0.06,0.03,0.06,0.04,0.04,0.08,0.04,0.08,Granada,2023-2024,
2,Gerard Gumbau,es ESP,MF,28,35,31,2674,29.7,0,3,3,0,0,0,12,0,1.8,1.8,4,5.8,20,135,29,0,0.1,0.1,0,0.1,0.06,0.14,0.19,0.06,0.19,Granada,2023-2024,
3,Lucas Boyï¿,ar ARG,FW,27,31,30,2541,28.2,6,3,9,6,0,0,8,1,6.2,6.2,2.8,8.9,36,65,131,0.21,0.11,0.32,0.21,0.32,0.22,0.1,0.32,0.22,0.32,Granada,2023-2024,
4,Sergio Ruiz,es ESP,MF,28,35,30,2494,27.7,0,4,4,0,0,0,9,0,0.7,0.7,1.3,2,34,113,23,0,0.14,0.14,0,0.14,0.03,0.05,0.07,0.03,0.07,Granada,2023-2024,
5,Myrto Uzuni,al ALB,FW,28,34,28,2448,27.2,11,1,12,7,4,5,3,0,12.9,9,2.6,11.6,21,18,90,0.4,0.04,0.44,0.26,0.29,0.48,0.09,0.57,0.33,0.43,Granada,2023-2024,
6,Ricard Sï¿½ï¿½n,es ESP,DF,23,33,25,2295,25.5,3,0,3,3,0,0,8,0,1,1,1.9,2.9,49,84,103,0.12,0,0.12,0.12,0.12,0.04,0.08,0.11,0.04,0.11,Granada,2023-2024,
7,Gonzalo Villar,es ESP,MF,25,35,21,1803,20,1,3,4,1,0,0,7,0,1.9,1.9,2.2,4.1,27,74,27,0.05,0.15,0.2,0.05,0.2,0.09,0.11,0.2,0.09,0.2,Granada,2023-2024,
8,Bryan Zaragoza,es ESP,"MF,FW",22,21,18,1638,18.2,6,2,8,5,1,1,5,0,3.8,3,3.3,6.3,100,36,127,0.33,0.11,0.44,0.27,0.38,0.21,0.18,0.39,0.16,0.35,Granada,2023-2024,
9,Miguel ï¿½ï¿½ngel R,es ESP,DF,25,19,17,1560,17.3,1,0,1,1,0,0,5,0,0.8,0.8,0.1,0.9,7,27,1,0.06,0,0.06,0.06,0.06,0.05,0,0.05,0.05,0.05,Granada,2023-2024,
10,Augusto Batalla,ar ARG,GK,27,17,17,1530,17,0,0,0,0,0,0,3,0,0,0,0,0,0,1,1,0,0,0,0,0,0,0,0,0,0,Granada,2023-2024,
11,Bruno Mï¿½ï¿½,uy URU,DF,23,17,15,1333,14.8,2,0,2,2,0,0,4,0,0.6,0.6,0.1,0.7,8,47,14,0.14,0,0.14,0.14,0.14,0.04,0.01,0.05,0.04,0.05,Granada,2023-2024,
12,ýýscar Melendo,es ESP,"MF,FW",25,26,15,1122,12.5,0,0,0,0,0,0,2,0,0.4,0.4,0.5,0.9,21,38,33,0,0,0,0,0,0.04,0.04,0.07,0.04,0.07,Granada,2023-2024,
13,Andrï¿½ï¿½ Ferr,pt POR,GK,27,15,14,1340,14.9,0,0,0,0,0,0,1,0,0,0,0,0,0,0,0,0,0,0,0,0,0,0,0,0,0,Granada,2023-2024,
14,Raï¿½ï¿½l Torr,es ESP,DF,21,17,14,1250,13.9,0,0,0,0,0,0,4,0,0.2,0.2,0.4,0.6,4,33,2,0,0,0,0,0,0.01,0.03,0.04,0.01,0.04,Granada,2023-2024,
15,Facundo Pellistri,uy URU,"MF,FW",21,15,14,1232,13.7,2,1,3,2,0,0,2,1,2.5,2.5,1.2,3.7,33,22,96,0.15,0.07,0.22,0.15,0.22,0.18,0.09,0.27,0.18,0.27,Granada,2023-2024,
16,Josï¿½ï¿½ Calle,es ESP,"MF,FW",36,25,7,803,8.9,0,1,1,0,0,0,2,0,1.3,1.3,1.5,2.8,10,35,50,0,0.11,0.11,0,0.11,0.15,0.17,0.32,0.15,0.32,Granada,2023-2024,
17,Kamil Jï¿½ï¿½ï¿,pl POL,MF,25,11,7,571,6.3,0,1,1,0,0,0,2,0,0.1,0.1,1.2,1.3,15,21,31,0,0.16,0.16,0,0.16,0.02,0.19,0.21,0.02,0.21,Granada,2023-2024,
18,Antonio Puertas,es ESP,"MF,FW",31,27,6,730,8.1,0,2,2,0,0,2,3,1,3.2,1.6,0.6,2.2,18,22,46,0,0.25,0.25,0,0.25,0.39,0.08,0.47,0.2,0.27,Granada,2023-2024,
19,Martin Hongla,cm CMR,"MF,DF",25,13,6,562,6.2,0,0,0,0,0,0,0,0,0.2,0.2,0,0.2,3,16,5,0,0,0,0,0,0.03,0,0.03,0.03,0.03,Granada,2023-2024,
20,Kamil Piï¿½ï¿½tko,pl POL,DF,23,9,6,505,5.6,0,0,0,0,0,0,1,1,0.8,0.8,0.1,0.9,2,10,0,0,0,0,0,0,0.14,0.02,0.17,0.14,0.17,Granada,2023-2024,
21,ýýlvaro Carreras,es ESP,"MF,FW",20,13,5,475,5.3,0,0,0,0,0,0,1,0,0.4,0.4,0.4,0.8,13,14,31,0,0,0,0,0,0.07,0.08,0.15,0.07,0.15,Granada,2023-2024,
22,Raï¿½ï¿½l Fernï¿,es ESP,GK,35,4,4,280,3.1,0,0,0,0,0,0,0,0,0,0,0,0,0,0,0,0,0,0,0,0,0,0,0,0,0,Granada,2023-2024,
23,Matias Arezo,uy URU,FW,20,14,3,369,4.1,0,0,0,0,0,0,1,0,1.2,1.2,0.1,1.2,6,5,17,0,0,0,0,0,0.28,0.01,0.3,0.28,0.3,Granada,2023-2024,
24,Marc Martï¿½ï¿,es ESP,GK,33,3,3,270,3,0,0,0,0,0,0,0,0,0,0,0,0,0,0,0,0,0,0,0,0,0,0,0,0,0,Granada,2023-2024,
25,Wilson Manafï¿,pt POR,"DF,MF",29,4,3,240,2.7,0,0,0,0,0,0,1,0,0,0,0.3,0.3,5,4,6,0,0,0,0,0,0,0.11,0.11,0,0.11,Granada,2023-2024,
26,Faitout Maouassa,fr FRA,"DF,MF",25,6,2,229,2.5,0,1,1,0,0,0,0,0,0.2,0.2,0.5,0.7,8,6,15,0,0.39,0.39,0,0.39,0.06,0.18,0.24,0.06,0.24,Granada,2023-2024,
27,Theo Corbeanu,ca CAN,"MF,FW",21,9,2,182,2,1,0,1,1,0,0,2,0,0.3,0.3,0,0.3,5,5,13,0.49,0,0.49,0.49,0.49,0.14,0,0.14,0.14,0.14,Granada,2023-2024,
28,Vï¿½ï¿½ctor D,es ESP,"DF,MF",35,4,2,162,1.8,0,0,0,0,0,0,1,0,0,0,0,0,0,2,0,0,0,0,0,0,0,0,0,0,0,Granada,2023-2024,
29,Sergio Rodelas,es ESP,"FW,DF",18,3,2,122,1.4,0,1,1,0,0,0,0,0,0,0,1.1,1.2,3,1,5,0,0.74,0.74,0,0.74,0.02,0.84,0.86,0.02,0.86,Granada,2023-2024,
30,Jesï¿½ï¿½s Val,es ESP,DF,26,3,1,108,1.2,0,0,0,0,0,0,1,0,0,0,0,0,1,2,0,0,0,0,0,0,0,0,0,0,0,Granada,2023-2024,
31,Samu Omorodion,es ESP,FW,19,1,1,80,0.9,1,0,1,1,0,0,0,0,0.7,0.7,0,0.7,0,0,3,1.13,0,1.13,1.13,1.13,0.78,0.05,0.84,0.78,0.84,Granada,2023-2024,
32,Njegoï¿½ï¿½ Petro,rs SRB,"MF,FW",24,10,0,157,1.7,0,0,0,0,0,0,0,0,0,0,0.1,0.1,3,8,3,0,0,0,0,0,0.02,0.06,0.08,0.02,0.08,Granada,2023-2024,
33,Famara Diedhiou,sn SEN,"FW,MF",30,8,0,89,1,0,1,1,0,0,0,1,0,0.5,0.5,0.2,0.7,5,0,19,0,1.01,1.01,0,1.01,0.5,0.21,0.71,0.5,0.71,Granada,2023-2024,
34,Shon Weissman,il ISR,FW,27,5,0,82,0.9,0,0,0,0,0,0,0,0,0,0,0,0,1,1,1,0,0,0,0,0,0.04,0,0.04,0.04,0.04,Granada,2023-2024,
35,Brau,es ESP,DF,21,1,0,31,0.3,0,0,0,0,0,0,0,0,0,0,0,0,2,0,0,0,0,0,0,0,0,0,0,0,0,Granada,2023-2024,
36,Adri Bosch,es ESP,DF,22,1,0,26,0.3,0,0,0,0,0,0,0,0,0,0,0,0,1,1,1,0,0,0,0,0,0,0,0,0,0,Granada,2023-2024,
37,Pablo Saenz,es ESP,MF,22,1,0,19,0.2,0,0,0,0,0,0,0,0,0,0,0,0,0,2,0,0,0,0,0,0,0,0,0,0,0,Granada,2023-2024,
38,Alberto Soro,es ESP,MF,24,1,0,8,0.1,0,0,0,0,0,0,0,0,0,0,0,0,0,0,0,0,0,0,0,0,0,0.51,0.51,0,0.51,Granada,2023-2024,
39,Alberto Perea,es ESP,"MF,FW",32,2,0,2,0,0,0,0,0,0,0,0,0,0,0,0.1,0.1,0,2,1,0,0,0,0,0,0,4.87,4.87,0,4.87,Granada,2023-2024,
40,Fran ï¿½ï¿½,es ESP,GK,17,0,0,,,,,,,,,,,,,,,,,,,,,,,,,,,,Granada,2023-2024,
41,Eghosa Bello,ng NGA,FW,19,0,0,,,,,,,,,,,,,,,,,,,,,,,,,,,,Granada,2023-2024,
42,Mario Gonzï¿½ï¿,es ESP,MF,19,0,0,,,,,,,,,,,,,,,,,,,,,,,,,,,,Granada,2023-2024,
43,Adriï¿½ï¿½n Lï,es ESP,GK,24,0,0,,,,,,,,,,,,,,,,,,,,,,,,,,,,Granada,2023-2024,
44,Lassina Sangare,ci CIV,MF,21,0,0,,,,,,,,,,,,,,,,,,,,,,,,,,,,Granada,2023-2024,
45,Pol Tristï¿½,es ESP,GK,21,0,0,,,,,,,,,,,,,,,,,,,,,,,,,,,,Granada,2023-2024,
46,Squad Total,,,26.7,38,418,3420,38,35,27,62,30,5,8,98,4,42.6,36.4,31.1,67.6,512,1044,1030,0.92,0.71,1.63,0.79,1.5,1.12,0.82,1.94,0.96,1.78,Granada,2023-2024,
47,Opponent Total,,,27.2,38,418,3420,38,77,54,131,72,5,6,92,5,64.2,59.5,43.8,103.2,728,1490,1478,2.03,1.42,3.45,1.89,3.32,1.69,1.15,2.84,1.57,2.72,Granada,2023-2024,
0,ýýlvaro Vallýýs,es ESP,GK,26,37,37,3263,36.3,0,0,0,0,0,0,2,1,0,0,0,0,0,5,0,0,0,0,0,0,0,0,0,0,0,Las Palmas,2023-2024,
1,Kirian Rodrï¿½ï¿½,es ESP,MF,27,37,36,3211,35.7,6,2,8,6,0,0,8,0,2.1,2.1,1.6,3.7,46,296,78,0.17,0.06,0.22,0.17,0.22,0.06,0.05,0.1,0.06,0.1,Las Palmas,2023-2024,
2,Mika Mï¿½ï¿½,es ESP,DF,21,36,36,3178,35.3,0,1,1,0,0,0,6,1,0.2,0.2,1,1.1,36,142,13,0,0.03,0.03,0,0.03,0,0.03,0.03,0,0.03,Las Palmas,2023-2024,
3,Munir El Haddadi,ma MAR,FW,27,38,32,2449,27.2,3,2,5,3,0,1,3,0,4.3,3.5,1.9,5.5,26,78,167,0.11,0.07,0.18,0.11,0.18,0.16,0.07,0.23,0.13,0.2,Las Palmas,2023-2024,
4,Sergi Cardona,es ESP,DF,24,35,30,2814,31.3,1,2,3,1,0,0,11,0,2.7,2.7,2.8,5.5,60,160,165,0.03,0.06,0.1,0.03,0.1,0.09,0.09,0.18,0.09,0.18,Las Palmas,2023-2024,
5,Javier Muï¿½ï,es ESP,MF,28,37,30,2640,29.3,2,3,5,2,0,0,6,0,2.5,2.5,1.4,4,33,122,126,0.07,0.1,0.17,0.07,0.17,0.09,0.05,0.14,0.09,0.14,Las Palmas,2023-2024,
6,ýýlex Suýýrez,es ESP,DF,30,32,30,2562,28.5,2,0,2,2,0,0,7,0,1.2,1.2,0.2,1.4,12,109,15,0.07,0,0.07,0.07,0.07,0.04,0.01,0.05,0.04,0.05,Las Palmas,2023-2024,
7,Saï¿½ï¿½l ,gq EQG,DF,24,30,26,2295,25.5,1,0,1,1,0,0,6,1,1.1,1.1,0,1.1,9,69,1,0.04,0,0.04,0.04,0.04,0.04,0,0.04,0.04,0.04,Las Palmas,2023-2024,
8,Sandro Ramï¿½ï¿,es ESP,FW,28,27,21,1808,20.1,1,3,4,1,0,1,3,0,3.7,3,2.6,5.6,61,54,209,0.05,0.15,0.2,0.05,0.2,0.19,0.13,0.32,0.15,0.28,Las Palmas,2023-2024,
9,Alberto Moleiro,es ESP,"FW,MF",19,28,21,1803,20,3,3,6,3,0,0,1,0,2,2,2.7,4.6,86,87,184,0.15,0.15,0.3,0.15,0.3,0.1,0.13,0.23,0.1,0.23,Las Palmas,2023-2024,
10,Mï¿½ï¿½ximo Per,ar ARG,MF,20,29,20,1623,18,0,0,0,0,0,0,6,0,0.2,0.2,0.5,0.8,12,78,22,0,0,0,0,0,0.01,0.03,0.04,0.01,0.04,Las Palmas,2023-2024,
11,Enzo Loiodice,fr FRA,MF,22,34,19,1790,19.9,0,1,1,0,0,0,2,0,0.5,0.5,1.3,1.9,27,97,72,0,0.05,0.05,0,0.05,0.03,0.07,0.09,0.03,0.09,Las Palmas,2023-2024,
12,Marvin,es ESP,"FW,DF",23,31,17,1855,20.6,0,2,2,0,0,0,5,0,0.9,0.9,2.5,3.5,60,36,177,0,0.1,0.1,0,0.1,0.05,0.12,0.17,0.05,0.17,Las Palmas,2023-2024,
13,Julian Araujo,mx MEX,DF,21,25,15,1462,16.2,1,0,1,1,0,0,5,0,0.7,0.7,1.2,1.9,23,74,47,0.06,0,0.06,0.06,0.06,0.04,0.07,0.11,0.04,0.11,Las Palmas,2023-2024,
14,Sory Kaba,gn GUI,FW,28,17,9,720,8,1,1,2,1,0,0,2,0,1.5,1.5,0.3,1.8,7,12,36,0.12,0.12,0.25,0.12,0.25,0.18,0.04,0.23,0.18,0.23,Las Palmas,2023-2024,
15,Jonathan Viera,es ESP,"MF,FW",33,9,7,617,6.9,2,1,3,0,2,2,1,0,2.3,0.7,1,1.7,26,65,37,0.29,0.15,0.44,0,0.15,0.33,0.14,0.47,0.1,0.24,Las Palmas,2023-2024,
16,Marc Cardona,es ESP,FW,28,26,6,737,8.2,4,1,5,3,1,1,4,0,4.2,3.5,1.1,4.5,10,13,74,0.49,0.12,0.61,0.37,0.49,0.52,0.13,0.65,0.42,0.55,Las Palmas,2023-2024,
17,Pejiï¿½,es ESP,FW,27,17,6,504,5.6,2,0,2,2,0,0,1,0,1.3,1.3,0.6,1.9,17,20,66,0.36,0,0.36,0.36,0.36,0.23,0.11,0.34,0.23,0.34,Las Palmas,2023-2024,
18,Daley Sinkgraven,nl NED,DF,28,10,6,374,4.2,0,0,0,0,0,0,0,1,0,0,0,0,3,17,8,0,0,0,0,0,0,0,0,0,0,Las Palmas,2023-2024,
19,Juan Herzog,es ESP,DF,20,4,3,292,3.2,2,0,2,2,0,0,1,0,0.7,0.7,0,0.7,0,3,0,0.62,0,0.62,0.62,0.62,0.21,0,0.21,0.21,0.21,Las Palmas,2023-2024,
20,ýýlvaro Lemos,es ESP,DF,30,4,3,251,2.8,0,0,0,0,0,0,1,0,0,0,0,0,6,17,8,0,0,0,0,0,0.01,0,0.01,0.01,0.01,Las Palmas,2023-2024,
21,Benito Ramï¿½ï¿,es ESP,"FW,MF",28,20,2,384,4.3,1,1,2,1,0,0,0,0,0.4,0.4,0.5,0.9,13,5,46,0.23,0.23,0.47,0.23,0.47,0.09,0.13,0.22,0.09,0.22,Las Palmas,2023-2024,
22,Josï¿½ï¿½ Camp,es ESP,MF,30,8,1,171,1.9,0,0,0,0,0,0,0,0,0,0,0,0,1,15,4,0,0,0,0,0,0.01,0,0.01,0.01,0.01,Las Palmas,2023-2024,
23,Cristian Herrera,es ESP,"FW,MF",32,8,1,166,1.8,1,0,1,1,0,0,1,0,0.9,0.9,0,0.9,2,8,16,0.54,0,0.54,0.54,0.54,0.48,0.02,0.5,0.48,0.5,Las Palmas,2023-2024,
24,Aarï¿½ï¿½n Escan,es ESP,GK,27,2,1,153,1.7,0,0,0,0,0,0,0,1,0,0,0,0,0,0,0,0,0,0,0,0,0,0,0,0,0,Las Palmas,2023-2024,
25,Fabio Gonzï¿½ï¿,es ESP,MF,26,6,1,123,1.4,0,0,0,0,0,0,1,0,0,0,0,0,0,9,2,0,0,0,0,0,0,0,0,0,0,Las Palmas,2023-2024,
26,Eric Curbelo,es ESP,"DF,MF",29,2,1,102,1.1,0,0,0,0,0,0,0,0,0,0,0,0,0,4,0,0,0,0,0,0,0,0,0,0,0,Las Palmas,2023-2024,
27,Omenuke Mfulu,cd COD,"MF,FW",29,5,1,82,0.9,0,0,0,0,0,0,1,0,0,0,0,0,1,1,0,0,0,0,0,0,0,0,0,0,0,Las Palmas,2023-2024,
28,Iï¿½ï¿½aki Gonzï,es ESP,MF,19,1,0,5,0.1,0,0,0,0,0,0,0,0,0,0,0,0,0,0,0,0,0,0,0,0,0,0,0,0,0,Las Palmas,2023-2024,
29,Pau Ferrer,es ESP,FW,19,0,0,,,,,,,,,,,,,,,,,,,,,,,,,,,,Las Palmas,2023-2024,
30,Ale Gorrin,es ESP,GK,20,0,0,,,,,,,,,,,,,,,,,,,,,,,,,,,,Las Palmas,2023-2024,
31,ýýlvaro Killane,es ESP,GK,18,0,0,,,,,,,,,,,,,,,,,,,,,,,,,,,,Las Palmas,2023-2024,
32,Squad Total,,,25.5,38,418,3420,38,33,23,56,30,3,5,84,5,33.2,29.2,23.3,52.5,577,1596,1573,0.87,0.61,1.47,0.79,1.39,0.87,0.61,1.49,0.77,1.38,Las Palmas,2023-2024,
33,Opponent Total,,,27.1,38,418,3420,38,44,33,77,39,5,9,97,5,56.6,49.7,41.8,91.4,584,1207,1191,1.16,0.87,2.03,1.03,1.89,1.49,1.1,2.59,1.31,2.41,Las Palmas,2023-2024,
0,Predrag Rajkoviï¿,rs SRB,GK,27,36,36,3240,36,0,0,0,0,0,0,2,0,0,0,0.2,0.2,0,0,0,0,0,0,0,0,0,0.01,0.01,0,0.01,Mallorca,2023-2024,
1,Dani Rodrï¿½ï¿½,es ESP,MF,35,36,31,2615,29.1,2,4,6,2,0,0,9,0,1.4,1.4,4.1,5.5,54,118,110,0.07,0.14,0.21,0.07,0.21,0.05,0.14,0.19,0.05,0.19,Mallorca,2023-2024,
2,Martin Valjent,sk SVK,DF,27,28,28,2349,26.1,0,1,1,0,0,0,5,0,0.3,0.3,0.9,1.2,22,61,27,0,0.04,0.04,0,0.04,0.01,0.03,0.05,0.01,0.05,Mallorca,2023-2024,
3,Giovanni Gonzï¿½ï¿,uy URU,DF,28,34,27,2464,27.4,1,1,2,1,0,0,6,0,0.5,0.5,1.4,1.8,28,91,95,0.04,0.04,0.07,0.04,0.07,0.02,0.05,0.07,0.02,0.07,Mallorca,2023-2024,
4,Samu Costa,pt POR,MF,22,34,26,2303,25.6,1,1,2,1,0,0,8,0,1.1,1.1,0.5,1.6,16,93,32,0.04,0.04,0.08,0.04,0.08,0.04,0.02,0.06,0.04,0.06,Mallorca,2023-2024,
5,Vedat Muriqi,xk KVX,FW,29,29,25,2327,25.9,7,2,9,6,1,3,5,0,10.4,8,2.6,10.6,20,40,134,0.27,0.08,0.35,0.23,0.31,0.4,0.1,0.5,0.31,0.41,Mallorca,2023-2024,
6,Matija Nastasiï¿,rs SRB,DF,30,26,25,2258,25.1,2,0,2,2,0,0,8,0,1,1,0.6,1.6,11,64,4,0.08,0,0.08,0.08,0.08,0.04,0.02,0.06,0.04,0.06,Mallorca,2023-2024,
7,Antonio Raillo,es ESP,DF,31,26,25,2195,24.4,3,2,5,3,0,0,6,1,1.4,1.4,2,3.4,24,80,4,0.12,0.08,0.21,0.12,0.21,0.06,0.08,0.14,0.06,0.14,Mallorca,2023-2024,
8,Sergi Darder,es ESP,MF,29,36,21,2157,24,2,5,7,2,0,0,4,0,2.2,2.2,6.4,8.6,56,132,75,0.08,0.21,0.29,0.08,0.29,0.09,0.27,0.36,0.09,0.36,Mallorca,2023-2024,
9,Antonio Sï¿½ï¿½n,es ESP,MF,26,29,21,1452,16.1,3,1,4,3,0,0,3,0,2.5,2.5,0.8,3.3,35,57,61,0.19,0.06,0.25,0.19,0.25,0.16,0.05,0.21,0.16,0.21,Mallorca,2023-2024,
10,Cyle Larin,ca CAN,FW,28,35,20,1823,20.3,3,2,5,3,0,0,8,0,9,9,1.4,10.4,20,13,103,0.15,0.1,0.25,0.15,0.25,0.45,0.07,0.52,0.45,0.52,Mallorca,2023-2024,
11,Jaume Costa,es ESP,DF,35,30,19,1682,18.7,0,1,1,0,0,0,7,0,0.3,0.3,1.2,1.5,34,50,104,0,0.05,0.05,0,0.05,0.02,0.06,0.08,0.02,0.08,Mallorca,2023-2024,
12,Omar Mascarell,gq EQG,MF,30,29,18,1571,17.5,0,0,0,0,0,0,8,1,0.4,0.4,0,0.4,12,67,11,0,0,0,0,0,0.02,0,0.02,0.02,0.02,Mallorca,2023-2024,
13,Pablo Maffeo,es ESP,DF,26,22,17,1454,16.2,1,2,3,1,0,0,3,1,0.8,0.8,0.9,1.7,38,41,68,0.06,0.12,0.19,0.06,0.19,0.05,0.05,0.1,0.05,0.1,Mallorca,2023-2024,
14,Copete,es ESP,DF,23,19,17,1333,14.8,1,1,2,1,0,0,7,0,0.5,0.5,0.8,1.3,3,52,2,0.07,0.07,0.14,0.07,0.14,0.04,0.05,0.09,0.04,0.09,Mallorca,2023-2024,
15,Manu Morlanes,es ESP,MF,24,35,16,1615,17.9,0,2,2,0,0,0,2,0,1,1,2,3,29,104,31,0,0.11,0.11,0,0.11,0.06,0.11,0.17,0.06,0.17,Mallorca,2023-2024,
16,Toni Lato,es ESP,DF,25,28,16,1544,17.2,0,1,1,0,0,0,3,0,0.2,0.2,1.3,1.6,30,39,110,0,0.06,0.06,0,0.06,0.01,0.08,0.09,0.01,0.09,Mallorca,2023-2024,
17,Abdï¿½ï¿½n P,es ESP,"FW,MF",30,34,11,1270,14.1,6,1,7,6,0,0,4,0,3.2,3.2,2.4,5.6,9,26,49,0.43,0.07,0.5,0.43,0.5,0.23,0.17,0.4,0.23,0.4,Mallorca,2023-2024,
18,Nacho Vidal,es ESP,DF,28,8,5,416,4.6,0,0,0,0,0,0,2,0,1,1,0.2,1.2,5,15,31,0,0,0,0,0,0.23,0.04,0.26,0.23,0.26,Mallorca,2023-2024,
19,Nemanja Radonjiï¿,rs SRB,"MF,DF",27,11,4,353,3.9,0,0,0,0,0,0,0,0,1.6,1.6,0.6,2.2,23,12,43,0,0,0,0,0,0.4,0.16,0.55,0.4,0.55,Mallorca,2023-2024,
20,Siebe Van Der Heyden,be BEL,DF,25,6,4,286,3.2,0,0,0,0,0,0,2,1,0.2,0.2,0,0.2,1,1,1,0,0,0,0,0,0.05,0,0.05,0.05,0.05,Mallorca,2023-2024,
21,Amath,sn SEN,"FW,MF",27,15,3,394,4.4,0,0,0,0,0,0,2,0,1.6,1.6,0.4,1.9,19,13,30,0,0,0,0,0,0.35,0.09,0.44,0.35,0.44,Mallorca,2023-2024,
22,Javier Llabrï¿½,es ESP,"MF,FW",20,16,1,247,2.7,1,0,1,1,0,0,1,0,0.7,0.7,0.3,1,9,5,30,0.36,0,0.36,0.36,0.36,0.25,0.11,0.37,0.25,0.37,Mallorca,2023-2024,
23,Ivï¿½ï¿½n Cuï¿,es ESP,GK,39,1,1,90,1,0,0,0,0,0,0,0,0,0,0,0,0,0,0,0,0,0,0,0,0,0,0,0,0,0,Mallorca,2023-2024,
24,Dominik Greif,sk SVK,GK,26,1,1,90,1,0,0,0,0,0,0,0,0,0,0,0,0,0,0,0,0,0,0,0,0,0,0,0,0,0,Mallorca,2023-2024,
25,Marcos Fernï¿½ï¿½ndez Cï,es ESP,DF,20,0,0,,,,,,,,,,,,,,,,,,,,,,,,,,,,Mallorca,2023-2024,
26,Pere Joan,es ESP,GK,21,0,0,,,,,,,,,,,,,,,,,,,,,,,,,,,,Mallorca,2023-2024,
27,Yuzï¿½ï¿½n,es ESP,DF,19,0,0,,,,,,,,,,,,,,,,,,,,,,,,,,,,Mallorca,2023-2024,
28,David Lï¿½ï¿,es ESP,DF,20,0,0,,,,,,,,,,,,,,,,,,,,,,,,,,,,Mallorca,2023-2024,
29,Daniel Luna,co COL,MF,20,0,0,,,,,,,,,,,,,,,,,,,,,,,,,,,,Mallorca,2023-2024,
30,Pau Mascarï¿,es ESP,FW,18,0,0,,,,,,,,,,,,,,,,,,,,,,,,,,,,Mallorca,2023-2024,
31,Miguelito,es ESP,DF,22,0,0,,,,,,,,,,,,,,,,,,,,,,,,,,,,Mallorca,2023-2024,
32,Alex Quevedo,es ESP,GK,19,0,0,,,,,,,,,,,,,,,,,,,,,,,,,,,,Mallorca,2023-2024,
33,Rubï¿½ï¿½n Quintan,es ESP,MF,21,0,0,,,,,,,,,,,,,,,,,,,,,,,,,,,,Mallorca,2023-2024,
34,Squad Total,,,28.7,38,418,3420,38,33,27,60,32,1,3,105,4,40.5,38.2,30.8,69,498,1174,1155,0.87,0.71,1.58,0.84,1.55,1.06,0.81,1.87,1.01,1.81,Mallorca,2023-2024,
35,Opponent Total,,,27,38,418,3420,38,43,29,72,39,4,5,53,1,42.9,39,28.5,67.5,663,1399,1386,1.13,0.76,1.89,1.03,1.79,1.13,0.75,1.88,1.03,1.78,Mallorca,2023-2024,
0,Sergio Herrera,es ESP,GK,30,,32,2869,31.9,0,0,0,0,0,0,2,0,0,0,0,0,0,1,0,0,0,0,0,0,0,0,0,0,0,Osasuna,2023-2024,32
1,Jesï¿½ï¿½s A,es ESP,DF,24,,29,2660,29.6,1,6,7,1,0,0,3,0,0.2,0.2,3.6,3.8,78,106,180,0.03,0.2,0.24,0.03,0.24,0.01,0.12,0.13,0.01,0.13,Osasuna,2023-2024,37
2,Ante Budimir,hr CRO,FW,32,,29,2435,27.1,17,2,19,14,3,4,4,0,14.2,11.1,1.8,12.9,21,42,99,0.63,0.07,0.7,0.52,0.59,0.53,0.07,0.59,0.41,0.48,Osasuna,2023-2024,33
3,Catena,es ESP,DF,28,,28,2534,28.2,1,3,4,1,0,0,8,1,1.3,1.3,1,2.4,5,77,1,0.04,0.11,0.14,0.04,0.14,0.05,0.04,0.08,0.05,0.08,Osasuna,2023-2024,30
4,David Garcï¿½,es ESP,DF,29,,27,2334,25.9,0,1,1,0,0,0,5,0,1,1,1.3,2.2,21,133,4,0,0.04,0.04,0,0.04,0.04,0.05,0.09,0.04,0.09,Osasuna,2023-2024,27
5,Aimar Oroz,es ESP,MF,21,,26,2339,26,2,1,3,1,1,1,3,0,3.5,2.8,1.6,4.4,52,103,126,0.08,0.04,0.12,0.04,0.08,0.14,0.06,0.2,0.11,0.17,Osasuna,2023-2024,33
6,Rubï¿½ï¿½n P,es ESP,"DF,FW",32,,26,2088,23.2,0,2,2,0,0,0,3,0,0.9,0.9,2.6,3.5,62,78,147,0,0.09,0.09,0,0.09,0.04,0.11,0.15,0.04,0.15,Osasuna,2023-2024,29
7,Moi Gï¿½ï¿,es ESP,"MF,FW",29,,23,2006,22.3,3,0,3,3,0,0,3,0,1.7,1.7,0.9,2.6,36,127,69,0.13,0,0.13,0.13,0.13,0.08,0.04,0.12,0.08,0.12,Osasuna,2023-2024,28
8,Johan Mojica,co COL,DF,30,,22,2041,22.7,0,3,3,0,0,0,1,0,1,1,2.6,3.6,57,82,117,0,0.13,0.13,0,0.13,0.04,0.11,0.16,0.04,0.16,Osasuna,2023-2024,30
9,Jon Moncayola,es ESP,MF,25,,21,1800,20,1,3,4,1,0,0,2,1,0.6,0.6,2.3,2.9,14,99,46,0.05,0.15,0.2,0.05,0.2,0.03,0.11,0.14,0.03,0.14,Osasuna,2023-2024,33
10,Lucas Torrï¿,es ESP,MF,29,,21,1788,19.9,1,0,1,1,0,0,5,0,1.5,1.5,0.6,2,3,60,15,0.05,0,0.05,0.05,0.05,0.07,0.03,0.1,0.07,0.1,Osasuna,2023-2024,28
11,Iker Muï¿½ï,es ESP,MF,20,,20,1854,20.6,4,0,4,4,0,0,5,0,1.1,1.1,0.2,1.2,17,80,23,0.19,0,0.19,0.19,0.19,0.05,0.01,0.06,0.05,0.06,Osasuna,2023-2024,28
12,Rubï¿½ï¿½n Gar,es ESP,"FW,MF",30,,19,1547,17.2,3,2,5,3,0,0,1,0,2.3,2.3,3.3,5.6,16,59,117,0.17,0.12,0.29,0.17,0.29,0.13,0.19,0.33,0.13,0.33,Osasuna,2023-2024,30
13,Juan Cruz Armada,es ESP,DF,31,,18,1667,18.5,0,1,1,0,0,0,3,0,0,0,0.4,0.4,16,77,29,0,0.05,0.05,0,0.05,0,0.02,0.02,0,0.02,Osasuna,2023-2024,26
14,Jorge Herrando,es ESP,DF,22,,18,1644,18.3,0,1,1,0,0,0,4,0,0.4,0.4,0.2,0.6,3,35,1,0,0.05,0.05,0,0.05,0.02,0.01,0.03,0.02,0.03,Osasuna,2023-2024,19
15,Raï¿½,es ESP,FW,22,,13,1355,15.1,6,1,7,6,0,0,4,0,4.9,4.9,0.6,5.5,16,22,68,0.4,0.07,0.46,0.4,0.46,0.32,0.04,0.37,0.32,0.37,Osasuna,2023-2024,35
16,Pablo Ibï¿½ï¿½,es ESP,MF,24,,12,1152,12.8,1,2,3,1,0,0,5,0,2.3,2.3,1.2,3.5,26,67,54,0.08,0.16,0.23,0.08,0.23,0.18,0.09,0.27,0.18,0.27,Osasuna,2023-2024,33
17,Ezequiel ï¿½ï¿½,ar ARG,"FW,MF",29,,10,864,9.6,1,3,4,1,0,0,3,2,2,2,2.3,4.3,14,39,75,0.1,0.31,0.42,0.1,0.42,0.21,0.24,0.45,0.21,0.45,Osasuna,2023-2024,17
18,Josï¿½ï¿½ Ar,es ESP,"FW,MF",28,,9,929,10.3,2,1,3,2,0,0,3,0,1.7,1.7,1.8,3.5,23,11,85,0.19,0.1,0.29,0.19,0.29,0.17,0.17,0.34,0.17,0.34,Osasuna,2023-2024,26
19,Unai Garcï¿½,es ESP,DF,31,,6,560,6.2,1,0,1,1,0,0,6,1,0.1,0.1,0,0.1,2,12,1,0.16,0,0.16,0.16,0.16,0.02,0,0.02,0.02,0.02,Osasuna,2023-2024,9
20,Aitor Fernï¿½ï¿½,es ESP,GK,32,,6,551,6.1,0,0,0,0,0,0,2,0,0,0,0,0,0,1,0,0,0,0,0,0,0,0,0,0,0,Osasuna,2023-2024,7
21,Kike Barja,es ESP,"FW,MF",26,,3,303,3.4,0,0,0,0,0,0,3,0,0.2,0.2,0.5,0.7,17,8,41,0,0,0,0,0,0.07,0.14,0.2,0.07,0.2,Osasuna,2023-2024,16
22,Nacho Vidal,es ESP,"DF,FW",28,,0,96,1.1,1,0,1,1,0,0,0,0,0.3,0.3,0,0.3,0,1,4,0.94,0,0.94,0.94,0.94,0.28,0.01,0.29,0.28,0.29,Osasuna,2023-2024,7
23,Darko Braï¿½ï¿½,rs SRB,MF,31,,0,48,0.5,0,0,0,0,0,0,0,0,0,0,0,0,2,1,3,0,0,0,0,0,0,0.07,0.07,0,0.07,Osasuna,2023-2024,2
24,Iï¿½ï¿½igo Argui,es ESP,DF,18,,0,17,0.2,0,0,0,0,0,0,0,0,0,0,0,0,0,0,0,0,0,0,0,0,0,0,0,0,0,Osasuna,2023-2024,1
25,Jorge Moreno,es ESP,DF,22,,0,15,0.2,0,0,0,0,0,0,0,0,0,0,0,0,0,0,0,0,0,0,0,0,0,0,0,0,0,Osasuna,2023-2024,1
26,Xabier Huarte Armendï¿½ï¿,es ESP,MF,22,,0,9,0.1,0,0,0,0,0,0,0,0,0,0,0,0,0,1,0,0,0,0,0,0,0,0,0,0,0,Osasuna,2023-2024,1
27,Asier Osambela,es ESP,MF,19,,0,9,0.1,0,0,0,0,0,0,0,0,0,0,0,0,0,0,1,0,0,0,0,0,0,0,0,0,0,Osasuna,2023-2024,1
28,Max Svensson,es ESP,FW,,,0,3,0,0,0,0,0,0,0,0,0,0,0,0,0,0,0,0,0,0,0,0,0,0,0,0,0,0,Osasuna,2023-2024,1
29,Javi Martï¿½ï¿,es ESP,MF,23,,0,,,,,,,,,,,,,,,,,,,,,,,,,,,,Osasuna,2023-2024,0
30,Dimitrios Stamatakis,gr GRE,GK,20,,0,,,,,,,,,,,,,,,,,,,,,,,,,,,,Osasuna,2023-2024,0
31,Pablo Valencia,es ESP,GK,22,,0,,,,,,,,,,,,,,,,,,,,,,,,,,,,Osasuna,2023-2024,0
32,Squad Total,,,27.7,,418,3420,38,45,32,77,41,4,5,78,5,40.5,36.6,28.5,65.1,501,1322,1306,1.18,0.84,2.03,1.08,1.92,1.07,0.75,1.82,0.96,1.71,Osasuna,2023-2024,38
33,Opponent Total,,,27,,418,3420,38,56,44,100,55,1,2,92,6,49.9,48.5,38.3,86.8,646,1427,1414,1.47,1.16,2.63,1.45,2.61,1.31,1.01,2.32,1.28,2.28,Osasuna,2023-2024,38
0,Germï¿½ï¿½n Pezz,ar ARG,DF,32,32,32,2767,30.7,1,0,1,1,0,0,7,0,2,2,0.3,2.3,5,64,1,0.03,0,0.03,0.03,0.03,0.07,0.01,0.08,0.07,0.08,Real Betis,2023-2024,
1,Ayoze Pï¿½ï¿,es ESP,FW,30,31,29,2294,25.5,9,1,10,9,0,0,4,0,7.4,7.4,3.9,11.3,90,80,175,0.35,0.04,0.39,0.35,0.39,0.29,0.15,0.44,0.29,0.44,Real Betis,2023-2024,
2,Rui Silva,pt POR,GK,29,28,28,2475,27.5,0,0,0,0,0,0,4,0,0,0,0,0,0,1,1,0,0,0,0,0,0,0,0,0,0,Real Betis,2023-2024,
3,Isco,es ESP,MF,31,29,28,2326,25.8,8,5,13,6,2,2,10,0,8.3,6.7,6.4,13.1,100,216,145,0.31,0.19,0.5,0.23,0.43,0.32,0.25,0.57,0.26,0.51,Real Betis,2023-2024,
4,Willian Josï¿,br BRA,FW,31,33,25,1971,21.9,10,5,15,10,0,0,0,1,5.7,5.7,2.5,8.2,8,32,90,0.46,0.23,0.68,0.46,0.68,0.26,0.12,0.37,0.26,0.37,Real Betis,2023-2024,
5,Chadi Riad,ma MAR,DF,20,26,24,2164,24,0,0,0,0,0,0,1,0,0.7,0.7,0.2,0.9,4,34,1,0,0,0,0,0,0.03,0.01,0.04,0.03,0.04,Real Betis,2023-2024,
6,Marc Roca,es ESP,MF,26,26,24,1980,22,2,2,4,2,0,0,5,0,1.1,1.1,1.4,2.5,24,126,20,0.09,0.09,0.18,0.09,0.18,0.05,0.06,0.12,0.05,0.12,Real Betis,2023-2024,
7,Guido Rodrï¿½ï¿½,ar ARG,MF,29,24,22,1846,20.5,2,0,2,2,0,0,6,0,0.7,0.7,0.8,1.4,8,65,18,0.1,0,0.1,0.1,0.1,0.03,0.04,0.07,0.03,0.07,Real Betis,2023-2024,
8,Juan Miranda,es ESP,DF,23,25,21,1858,20.6,1,1,2,1,0,0,8,0,1.6,1.6,1.9,3.6,35,103,95,0.05,0.05,0.1,0.05,0.1,0.08,0.09,0.17,0.08,0.17,Real Betis,2023-2024,
9,Hï¿½ï¿½ctor Belle,es ESP,DF,28,23,20,1711,19,0,1,1,0,0,0,0,1,0.2,0.2,1.6,1.7,32,81,80,0,0.05,0.05,0,0.05,0.01,0.08,0.09,0.01,0.09,Real Betis,2023-2024,
10,Abner,br BRA,DF,23,23,15,1400,15.6,0,1,1,0,0,0,3,0,0.1,0.1,1,1.1,14,33,58,0,0.06,0.06,0,0.06,0.01,0.06,0.07,0.01,0.07,Real Betis,2023-2024,
11,Johnny Cardoso,us USA,MF,21,17,15,1328,14.8,1,2,3,1,0,0,3,0,1.1,1.1,0.5,1.6,10,45,11,0.07,0.14,0.2,0.07,0.2,0.07,0.03,0.11,0.07,0.11,Real Betis,2023-2024,
12,Pablo Fornals,es ESP,"FW,MF",27,15,14,1148,12.8,3,2,5,3,0,0,2,0,1.8,1.8,1.6,3.4,37,89,82,0.24,0.16,0.39,0.24,0.39,0.14,0.13,0.27,0.14,0.27,Real Betis,2023-2024,
13,Assane Diao,es ESP,FW,17,18,13,1048,11.6,2,0,2,2,0,0,4,0,2.5,2.5,0.7,3.2,33,20,101,0.17,0,0.17,0.17,0.17,0.21,0.06,0.28,0.21,0.28,Real Betis,2023-2024,
14,Sokratis Papastathopoulos,gr GRE,DF,35,15,12,1136,12.6,0,0,0,0,0,0,6,0,0.3,0.3,0,0.3,1,13,1,0,0,0,0,0,0.02,0,0.02,0.02,0.02,Real Betis,2023-2024,
15,Youssouf Sabaly,sn SEN,DF,30,12,12,1046,11.6,0,1,1,0,0,0,2,0,0.1,0.1,0.5,0.6,31,47,43,0,0.09,0.09,0,0.09,0.01,0.04,0.05,0.01,0.05,Real Betis,2023-2024,
16,Aitor Ruibal,es ESP,"DF,FW",27,18,11,1017,11.3,2,1,3,2,0,0,5,0,0.8,0.8,1.3,2.1,22,54,50,0.18,0.09,0.27,0.18,0.27,0.07,0.11,0.19,0.07,0.19,Real Betis,2023-2024,
17,Nabil Fekir,fr FRA,"MF,FW",30,19,10,1049,11.7,1,2,3,1,0,0,1,0,2.2,2.2,2.3,4.6,32,67,77,0.09,0.17,0.26,0.09,0.26,0.19,0.2,0.39,0.19,0.39,Real Betis,2023-2024,
18,Rodri,es ESP,"FW,MF",23,29,9,1051,11.7,0,0,0,0,0,0,0,0,1.1,1.1,1.2,2.2,49,65,116,0,0,0,0,0,0.09,0.1,0.19,0.09,0.19,Real Betis,2023-2024,
19,Claudio Bravo,cl CHI,GK,40,7,7,630,7,0,0,0,0,0,0,0,0,0,0,0,0,0,1,0,0,0,0,0,0,0,0.01,0.01,0,0.01,Real Betis,2023-2024,
20,Abde Ezzalzouli,ma MAR,FW,21,26,6,865,9.6,1,0,1,1,0,1,1,0,3,2.2,0.3,2.5,57,25,89,0.1,0,0.1,0.1,0.1,0.31,0.03,0.34,0.23,0.26,Real Betis,2023-2024,
21,Luiz Henrique,br BRA,FW,22,14,6,616,6.8,0,3,3,0,0,0,1,0,1.2,1.2,1.6,2.9,35,17,58,0,0.44,0.44,0,0.44,0.18,0.24,0.42,0.18,0.42,Real Betis,2023-2024,
22,Sergi Altimira,es ESP,MF,21,14,6,568,6.3,1,0,1,1,0,0,1,0,0.2,0.2,0.3,0.5,10,31,8,0.16,0,0.16,0.16,0.16,0.03,0.04,0.07,0.03,0.07,Real Betis,2023-2024,
23,William Carvalho,pt POR,MF,31,22,4,680,7.6,1,3,4,1,0,0,2,0,0.4,0.4,0.7,1.1,12,58,12,0.13,0.4,0.53,0.13,0.53,0.05,0.09,0.14,0.05,0.14,Real Betis,2023-2024,
24,Andrï¿½ï¿½s Guar,mx MEX,MF,36,12,4,447,5,0,0,0,0,0,0,2,0,0.1,0.1,0.2,0.3,5,36,6,0,0,0,0,0,0.03,0.04,0.06,0.03,0.06,Real Betis,2023-2024,
25,Borja Iglesias,es ESP,FW,30,11,4,408,4.5,0,1,1,0,0,0,2,0,0.6,0.6,0.9,1.5,5,12,32,0,0.22,0.22,0,0.22,0.13,0.21,0.34,0.13,0.34,Real Betis,2023-2024,
26,Luiz Felipe,it ITA,DF,26,4,4,360,4,0,0,0,0,0,0,1,0,0.1,0.1,0.2,0.3,0,4,0,0,0,0,0,0,0.02,0.06,0.07,0.02,0.07,Real Betis,2023-2024,
27,Ezequiel ï¿½ï¿½,ar ARG,FW,29,6,4,298,3.3,1,0,1,1,0,0,4,1,0.7,0.7,0.1,0.8,7,6,31,0.3,0,0.3,0.3,0.3,0.22,0.02,0.24,0.22,0.24,Real Betis,2023-2024,
28,Fran Vieites,es ESP,GK,24,4,3,315,3.5,0,0,0,0,0,0,0,0,0,0,0,0,0,0,0,0,0,0,0,0,0,0,0,0,0,Real Betis,2023-2024,
29,Marc Bartra,es ESP,DF,32,3,3,225,2.5,0,0,0,0,0,0,1,0,0.2,0.2,0,0.2,2,5,0,0,0,0,0,0,0.08,0,0.08,0.08,0.08,Real Betis,2023-2024,
30,Cï¿½ï¿½dric Bak,cd COD,FW,32,4,2,194,2.2,0,0,0,0,0,0,1,0,0.4,0.4,0.3,0.7,5,4,12,0,0,0,0,0,0.2,0.13,0.33,0.2,0.33,Real Betis,2023-2024,
31,Ricardo Visus,es ESP,DF,22,3,1,166,1.8,0,0,0,0,0,0,0,0,0,0,0,0,0,2,0,0,0,0,0,0,0,0,0,0,0,Real Betis,2023-2024,
32,Juan Cruz,es ESP,FW,23,5,0,76,0.8,0,0,0,0,0,0,0,0,0.1,0.1,0,0.1,2,3,10,0,0,0,0,0,0.09,0.05,0.13,0.09,0.13,Real Betis,2023-2024,
33,Pablo Busto,es ESP,DF,17,2,0,44,0.5,0,0,0,0,0,0,0,0,0,0,0.2,0.2,1,1,1,0,0,0,0,0,0.03,0.41,0.44,0.03,0.44,Real Betis,2023-2024,
34,Paul Akouokou,ci CIV,MF,25,2,0,27,0.3,0,0,0,0,0,0,0,0,0,0,0,0,0,1,0,0,0,0,0,0,0,0,0,0,0,Real Betis,2023-2024,
35,Enrique,es ESP,MF,19,0,0,,,,,,,,,,,,,,,,,,,,,,,,,,,,Real Betis,2023-2024,
36,Guilherme Fernandes,pt POR,GK,22,0,0,,,,,,,,,,,,,,,,,,,,,,,,,,,,Real Betis,2023-2024,
37,Daniel Guerrero,es ESP,MF,18,0,0,,,,,,,,,,,,,,,,,,,,,,,,,,,,Real Betis,2023-2024,
38,Nobel Mendy,fr FRA,DF,18,0,0,,,,,,,,,,,,,,,,,,,,,,,,,,,,Real Betis,2023-2024,
39,Xavi Pleguezuelo,es ESP,DF,20,0,0,,,,,,,,,,,,,,,,,,,,,,,,,,,,Real Betis,2023-2024,
40,Squad Total,,,27.8,38,418,3420,38,46,31,77,44,2,3,87,3,43.9,41.7,32.7,74.4,676,1441,1424,1.21,0.82,2.03,1.16,1.97,1.16,0.86,2.02,1.1,1.96,Real Betis,2023-2024,
41,Opponent Total,,,27,38,418,3420,38,42,23,65,35,7,8,97,5,50.2,44,32.6,76.5,649,1457,1440,1.11,0.61,1.71,0.92,1.53,1.32,0.86,2.18,1.16,2.01,Real Betis,2023-2024,
0,Federico Valverde,uy URU,MF,25,37,33,2904,32.3,2,7,9,2,0,0,2,0,3.5,3.5,5.8,9.3,104,231,102,0.06,0.22,0.28,0.06,0.28,0.11,0.18,0.29,0.11,0.29,Real Madrid,2023-2024,
1,Antonio Rï¿½ï¿½d,de GER,DF,30,33,30,2709,30.1,1,0,1,1,0,0,7,0,1.5,1.5,1.2,2.6,17,88,1,0.03,0,0.03,0.03,0.03,0.05,0.04,0.09,0.05,0.09,Real Madrid,2023-2024,
2,Rodrygo,br BRA,FW,22,34,28,2380,26.4,10,5,15,10,0,1,2,0,11.7,10.9,4,14.9,159,90,301,0.38,0.19,0.57,0.38,0.57,0.44,0.15,0.59,0.41,0.56,Real Madrid,2023-2024,
3,Jude Bellingham,eng ENG,MF,20,28,27,2315,25.7,19,6,25,18,1,1,5,1,11.1,10.3,5.3,15.6,85,196,177,0.74,0.23,0.97,0.7,0.93,0.43,0.21,0.64,0.4,0.61,Real Madrid,2023-2024,
4,Dani Carvajal,es ESP,DF,31,28,25,2171,24.1,4,3,7,4,0,0,5,1,1.7,1.7,2.7,4.4,30,82,168,0.17,0.12,0.29,0.17,0.29,0.07,0.11,0.18,0.07,0.18,Real Madrid,2023-2024,
5,Toni Kroos,de GER,MF,33,33,24,2124,23.6,1,8,9,1,0,0,3,0,1.6,1.6,4.9,6.5,32,290,29,0.04,0.34,0.38,0.04,0.38,0.07,0.21,0.28,0.07,0.28,Real Madrid,2023-2024,
6,Aurï¿½ï¿½lien Tchouam,fr FRA,"MF,DF",23,27,22,1987,22.1,3,1,4,3,0,0,7,0,1.3,1.3,0.9,2.1,28,111,15,0.14,0.05,0.18,0.14,0.18,0.06,0.04,0.1,0.06,0.1,Real Madrid,2023-2024,
7,Vinicius Jï¿½ï¿½,br BRA,FW,23,26,22,1864,20.7,15,5,20,14,1,1,7,0,13.1,12.3,4.2,16.6,137,57,277,0.72,0.24,0.97,0.68,0.92,0.63,0.21,0.84,0.59,0.8,Real Madrid,2023-2024,
8,Andriy Lunin,ua UKR,GK,24,21,21,1890,21,0,0,0,0,0,0,2,0,0,0,0.3,0.3,0,0,0,0,0,0,0,0,0,0.01,0.01,0,0.01,Real Madrid,2023-2024,
9,Eduardo Camavinga,fr FRA,"MF,DF",20,31,21,1817,20.2,0,2,2,0,0,0,9,0,0.9,0.9,1.4,2.3,49,106,31,0,0.1,0.1,0,0.1,0.05,0.07,0.11,0.05,0.11,Real Madrid,2023-2024,
10,Ferland Mendy,fr FRA,DF,28,23,21,1720,19.1,0,0,0,0,0,0,5,0,0.2,0.2,0.9,1.1,19,84,96,0,0,0,0,0,0.01,0.05,0.06,0.01,0.06,Real Madrid,2023-2024,
11,Nacho,es ESP,DF,33,29,18,1746,19.4,0,1,1,0,0,0,4,2,0.5,0.5,1.2,1.7,13,55,9,0,0.05,0.05,0,0.05,0.03,0.06,0.09,0.03,0.09,Real Madrid,2023-2024,
12,Luka Modriï¿,hr CRO,MF,37,32,18,1688,18.8,2,6,8,2,0,0,2,0,1.3,1.3,5.5,6.8,53,196,85,0.11,0.32,0.43,0.11,0.43,0.07,0.3,0.37,0.07,0.37,Real Madrid,2023-2024,
13,Brahim Dï¿½ï,ma MAR,"FW,MF",23,31,18,1545,17.2,8,6,14,8,0,0,0,0,5.7,5.7,4.4,10.1,76,75,166,0.47,0.35,0.82,0.47,0.82,0.33,0.26,0.59,0.33,0.59,Real Madrid,2023-2024,
14,Joselu,es ESP,FW,33,34,15,1687,18.7,10,2,12,10,0,2,1,0,11.6,10,1.7,11.7,15,20,98,0.53,0.11,0.64,0.53,0.64,0.62,0.09,0.71,0.53,0.62,Real Madrid,2023-2024,
15,Fran Garcia,es ESP,DF,23,25,15,1398,15.5,1,5,6,1,0,0,2,0,0.5,0.5,2.4,3,53,60,139,0.06,0.32,0.39,0.06,0.39,0.03,0.16,0.19,0.03,0.19,Real Madrid,2023-2024,
16,Lucas Vï¿½ï¿½z,es ESP,DF,32,29,14,1419,15.8,3,6,9,3,0,0,0,0,1.2,1.1,3.8,4.8,28,58,160,0.19,0.38,0.57,0.19,0.57,0.07,0.24,0.31,0.07,0.31,Real Madrid,2023-2024,
17,David Alaba,at AUT,DF,31,14,14,1154,12.8,0,1,1,0,0,0,2,0,1,1,0.7,1.6,9,51,13,0,0.08,0.08,0,0.08,0.08,0.05,0.13,0.08,0.13,Real Madrid,2023-2024,
18,Kepa Arrizabalaga,es ESP,GK,28,14,13,1198,13.3,0,0,0,0,0,0,1,0,0,0,0,0,0,0,0,0,0,0,0,0,0,0,0,0,0,Real Madrid,2023-2024,
19,ýýder Militýýo,br BRA,DF,25,10,6,496,5.5,0,0,0,0,0,0,0,0,0.1,0.1,0,0.1,7,15,2,0,0,0,0,0,0.02,0,0.02,0.02,0.02,Real Madrid,2023-2024,
20,Dani Ceballos,es ESP,"MF,FW",26,20,5,598,6.6,0,2,2,0,0,0,2,0,0.3,0.3,1.5,1.8,16,47,23,0,0.3,0.3,0,0.3,0.05,0.22,0.27,0.05,0.27,Real Madrid,2023-2024,
21,Arda Gï¿½ï¿,tr TUR,"FW,MF",18,10,4,377,4.2,6,0,6,6,0,0,1,0,1.4,1.4,0.1,1.6,16,17,25,1.43,0,1.43,1.43,1.43,0.34,0.03,0.37,0.34,0.37,Real Madrid,2023-2024,
22,Thibaut Courtois,be BEL,GK,31,4,4,332,3.7,0,0,0,0,0,0,0,0,0,0,0.1,0.1,0,0,0,0,0,0,0,0,0,0.03,0.03,0,0.03,Real Madrid,2023-2024,
23,Nicolï¿½ï¿½s,ar ARG,"MF,FW",18,4,0,23,0.3,0,0,0,0,0,0,0,0,0.1,0.1,0,0.1,3,6,2,0,0,0,0,0,0.31,0,0.31,0.31,0.31,Real Madrid,2023-2024,
24,Gonzalo Garcï¿½,es ESP,"FW,MF",19,2,0,19,0.2,0,0,0,0,0,0,0,0,0,0,0,0,1,0,3,0,0,0,0,0,0.16,0,0.16,0.16,0.16,Real Madrid,2023-2024,
25,Mario Martï¿½,es ESP,MF,19,2,0,18,0.2,0,0,0,0,0,0,0,0,0,0,0,0,0,0,1,0,0,0,0,0,0,0,0,0,0,Real Madrid,2023-2024,
26,ýýlvaro Rodrýýguez,uy URU,FW,19,1,0,1,0,0,0,0,0,0,0,0,0,0,0,0,0,0,0,0,0,0,0,0,0,0,0,0,0,0,Real Madrid,2023-2024,
27,Lucas Caï¿½ï¿½iz,es ESP,GK,21,0,0,,,,,,,,,,,,,,,,,,,,,,,,,,,,Real Madrid,2023-2024,
28,Aï¿½ï¿½lvaro Carr,es ESP,DF,21,0,0,,,,,,,,,,,,,,,,,,,,,,,,,,,,Real Madrid,2023-2024,
29,Fran,es ESP,GK,18,0,0,,,,,,,,,,,,,,,,,,,,,,,,,,,,Real Madrid,2023-2024,
30,Fran Gonzï¿½ï¿,es ESP,DF,24,0,0,,,,,,,,,,,,,,,,,,,,,,,,,,,,Real Madrid,2023-2024,
31,Mario de Luis,es ESP,GK,21,0,0,,,,,,,,,,,,,,,,,,,,,,,,,,,,Real Madrid,2023-2024,
32,ýýlvaro Odriozola,es ESP,DF,27,0,0,,,,,,,,,,,,,,,,,,,,,,,,,,,,Real Madrid,2023-2024,
33,Diego Piï¿½ï¿½,es ESP,GK,19,0,0,,,,,,,,,,,,,,,,,,,,,,,,,,,,Real Madrid,2023-2024,
34,Edgar Pujol,es ESP,DF,18,0,0,,,,,,,,,,,,,,,,,,,,,,,,,,,,Real Madrid,2023-2024,
35,Jacobo Ramï¿½,es ESP,DF,18,0,0,,,,,,,,,,,,,,,,,,,,,,,,,,,,Real Madrid,2023-2024,
36,Vinicius Tobias,br BRA,DF,19,0,0,,,,,,,,,,,,,,,,,,,,,,,,,,,,Real Madrid,2023-2024,
37,Theo Zidane,fr FRA,MF,21,0,0,,,,,,,,,,,,,,,,,,,,,,,,,,,,Real Madrid,2023-2024,
38,Squad Total,,,27.4,38,418,3420,38,85,66,151,83,2,5,69,4,68.8,65.2,52.5,117.7,950,1935,1923,2.24,1.74,3.97,2.18,3.92,1.81,1.38,3.19,1.71,3.1,Real Madrid,2023-2024,
39,Opponent Total,,,27.1,38,418,3420,38,25,17,42,24,1,1,95,0,35.4,34.7,26.4,61.1,583,1261,1247,0.66,0.45,1.11,0.63,1.08,0.93,0.69,1.63,0.91,1.61,Real Madrid,2023-2024,
0,ýýlex Remiro,es ESP,GK,28,37,37,3275,36.4,0,0,0,0,0,0,3,1,0,0,0,0,0,1,0,0,0,0,0,0,0,0,0,0,0,Real Sociedad,2023-2024,
1,Martï¿½ï¿½n Zubim,es ESP,MF,24,31,29,2654,29.5,4,1,5,4,0,0,5,0,2.7,2.7,1.5,4.1,34,152,27,0.14,0.03,0.17,0.14,0.17,0.09,0.05,0.14,0.09,0.14,Real Sociedad,2023-2024,
2,Igor Zubeldia,es ESP,DF,26,30,29,2518,28,0,2,2,0,0,0,11,1,0.8,0.8,1.1,1.9,28,129,0,0,0.07,0.07,0,0.07,0.03,0.04,0.07,0.03,0.07,Real Sociedad,2023-2024,
3,Robin Le Normand,es ESP,DF,26,29,28,2469,27.4,2,0,2,2,0,0,13,0,1,1,0.1,1.2,21,106,1,0.07,0,0.07,0.07,0.07,0.04,0,0.04,0.04,0.04,Real Sociedad,2023-2024,
4,Mikel Merino,es ESP,MF,27,32,27,2482,27.6,5,3,8,5,0,0,10,0,3.3,3.3,1.9,5.2,26,163,99,0.18,0.11,0.29,0.18,0.29,0.12,0.07,0.19,0.12,0.19,Real Sociedad,2023-2024,
5,Brais Mï¿½ï¿½,es ESP,"MF,FW",26,32,27,2413,26.8,5,6,11,5,0,0,7,0,4.2,4.2,4.2,8.4,45,128,121,0.19,0.22,0.41,0.19,0.41,0.16,0.16,0.31,0.16,0.31,Real Sociedad,2023-2024,
6,Hamari Traorï¿,ml MLI,DF,31,31,27,2292,25.5,0,2,2,0,0,0,7,0,0.5,0.5,1.5,2.1,49,129,83,0,0.08,0.08,0,0.08,0.02,0.06,0.08,0.02,0.08,Real Sociedad,2023-2024,
7,Takefusa Kubo,jp JPN,"FW,MF",22,30,24,2150,23.9,7,4,11,7,0,0,1,0,3.5,3.5,6.4,9.9,136,89,231,0.29,0.17,0.46,0.29,0.46,0.15,0.27,0.42,0.15,0.42,Real Sociedad,2023-2024,
8,Mikel Oyarzabal,es ESP,"FW,MF",26,33,23,2156,24,9,3,12,7,2,2,3,0,9.1,7.5,1.7,9.2,27,39,126,0.38,0.13,0.5,0.29,0.42,0.38,0.07,0.45,0.31,0.39,Real Sociedad,2023-2024,
9,Ander Barrenetxea,es ESP,"FW,MF",21,29,20,1427,15.9,4,1,5,4,0,0,1,0,3.5,3.5,1.3,4.8,56,39,163,0.25,0.06,0.32,0.25,0.32,0.22,0.08,0.3,0.22,0.3,Real Sociedad,2023-2024,
10,Beï¿½ï¿½at Turrie,es ESP,MF,21,29,19,1687,18.7,0,1,1,0,0,0,4,0,1.2,1.2,0.5,1.8,26,51,31,0,0.05,0.05,0,0.05,0.06,0.03,0.09,0.06,0.09,Real Sociedad,2023-2024,
11,Jon Pacheco,es ESP,DF,22,23,16,1526,17,1,1,2,1,0,0,8,0,1.1,1.1,0.2,1.3,9,53,1,0.06,0.06,0.12,0.06,0.12,0.06,0.01,0.08,0.06,0.08,Real Sociedad,2023-2024,
12,Arsen Zakharyan,ru RUS,"MF,FW",20,29,15,1228,13.6,1,2,3,1,0,0,1,0,2.4,2.4,2.1,4.5,28,47,88,0.07,0.15,0.22,0.07,0.22,0.18,0.15,0.33,0.18,0.33,Real Sociedad,2023-2024,
13,Kieran Tierney,sct SCO,DF,26,20,14,1238,13.8,0,2,2,0,0,0,1,0,0.2,0.2,0.6,0.8,22,77,39,0,0.15,0.15,0,0.15,0.01,0.05,0.06,0.01,0.06,Real Sociedad,2023-2024,
14,Javi Galï¿½,es ESP,DF,28,14,13,1075,11.9,0,1,1,0,0,0,3,0,0.1,0.1,0.7,0.8,46,45,70,0,0.08,0.08,0,0.08,0.01,0.06,0.07,0.01,0.07,Real Sociedad,2023-2024,
15,Umar Sadiq,ng NGA,FW,26,26,12,1077,12,3,1,4,3,0,0,4,0,3.6,3.6,1.1,4.7,18,13,74,0.25,0.08,0.33,0.25,0.33,0.3,0.09,0.39,0.3,0.39,Real Sociedad,2023-2024,
16,Aihen Muï¿½ï,es ESP,DF,25,21,11,1127,12.5,0,2,2,0,0,0,2,0,0.3,0.3,2,2.2,24,39,23,0,0.16,0.16,0,0.16,0.02,0.16,0.18,0.02,0.18,Real Sociedad,2023-2024,
17,Andrï¿½ï¿½ S,pt POR,FW,27,19,9,729,8.1,3,0,3,2,1,1,1,0,3.3,2.5,0.3,2.8,5,7,44,0.37,0,0.37,0.25,0.25,0.41,0.04,0.45,0.31,0.35,Real Sociedad,2023-2024,
18,Sheraldo Becker,sr SUR,"FW,MF",28,15,8,771,8.6,2,2,4,2,0,0,1,0,1.4,1.4,1.8,3.2,28,13,87,0.23,0.23,0.47,0.23,0.47,0.17,0.21,0.38,0.17,0.38,Real Sociedad,2023-2024,
19,Aritz Elustondo,es ESP,DF,29,15,7,812,9,0,1,1,0,0,0,2,0,0.3,0.3,0.6,0.9,4,31,2,0,0.11,0.11,0,0.11,0.03,0.07,0.1,0.03,0.1,Real Sociedad,2023-2024,
20,ýýlvaro Odriozola,es ESP,DF,27,9,6,393,4.4,0,0,0,0,0,0,0,0,0,0,0.2,0.2,14,8,12,0,0,0,0,0,0,0.04,0.04,0,0.04,Real Sociedad,2023-2024,
21,Jon Aramburu,ve VEN,DF,21,11,5,543,6,0,0,0,0,0,0,3,0,0.1,0.1,0,0.1,6,26,25,0,0,0,0,0,0.02,0,0.02,0.02,0.02,Real Sociedad,2023-2024,
22,Carlos Fernï¿½ï¿½,es ESP,FW,27,10,5,408,4.5,2,1,3,1,1,1,3,0,1.5,0.7,0.5,1.3,5,4,13,0.44,0.22,0.66,0.22,0.44,0.33,0.12,0.45,0.16,0.28,Real Sociedad,2023-2024,
23,Olasagasti,es ESP,MF,22,14,2,360,4,0,0,0,0,0,0,3,0,0.9,0.9,0.3,1.2,8,13,12,0,0,0,0,0,0.21,0.09,0.3,0.21,0.3,Real Sociedad,2023-2024,
24,Urko Gonzï¿½ï¿,es ESP,MF,22,5,2,156,1.7,0,0,0,0,0,0,1,0,0.1,0.1,0,0.1,1,6,1,0,0,0,0,0,0.04,0,0.04,0.04,0.04,Real Sociedad,2023-2024,
25,Mohamed Ali Cho,fr FRA,"FW,MF",19,11,1,249,2.8,0,0,0,0,0,0,0,0,0.4,0.4,0.1,0.5,16,3,19,0,0,0,0,0,0.14,0.04,0.18,0.14,0.18,Real Sociedad,2023-2024,
26,Unai Marrero,es ESP,GK,21,2,1,142,1.6,0,0,0,0,0,0,0,0,0,0,0,0,0,0,0,0,0,0,0,0,0,0,0,0,0,Real Sociedad,2023-2024,
27,Jon Magunacelaya,es ESP,"FW,MF",23,5,1,121,1.3,0,0,0,0,0,0,0,0,0.3,0.3,0.5,0.7,2,2,10,0,0,0,0,0,0.21,0.34,0.55,0.21,0.55,Real Sociedad,2023-2024,
28,Alex Sola,es ESP,"DF,MF",24,2,0,30,0.3,0,0,0,0,0,0,0,0,0,0,0,0,1,1,0,0,0,0,0,0,0,0,0,0,0,Real Sociedad,2023-2024,
29,Alberto Dadie,es ESP,MF,21,1,0,28,0.3,0,0,0,0,0,0,0,0,0,0,0,0,0,0,0,0,0,0,0,0,0,0,0,0,0,Real Sociedad,2023-2024,
30,Jon Martin,es ESP,DF,17,1,0,24,0.3,0,0,0,0,0,0,0,0,0,0,0,0,0,0,0,0,0,0,0,0,0,0,0,0,0,Real Sociedad,2023-2024,
31,Gaizka Ayesa,es ESP,GK,22,0,0,,,,,,,,,,,,,,,,,,,,,,,,,,,,Real Sociedad,2023-2024,
32,Bryan Fiabema,no NOR,FW,20,0,0,,,,,,,,,,,,,,,,,,,,,,,,,,,,Real Sociedad,2023-2024,
33,Aitor Fraga,es ESP,GK,20,0,0,,,,,,,,,,,,,,,,,,,,,,,,,,,,Real Sociedad,2023-2024,
34,Jon Karrikaburu,es ESP,FW,20,0,0,,,,,,,,,,,,,,,,,,,,,,,,,,,,Real Sociedad,2023-2024,
35,Pablo Marï¿½,es ESP,MF,20,0,0,,,,,,,,,,,,,,,,,,,,,,,,,,,,Real Sociedad,2023-2024,
36,Roberto Navarro,es ESP,MF,21,0,0,,,,,,,,,,,,,,,,,,,,,,,,,,,,Real Sociedad,2023-2024,
37,Diego Rico,es ESP,DF,30,0,0,,,,,,,,,,,,,,,,,,,,,,,,,,,,Real Sociedad,2023-2024,
38,Iï¿½ï¿½aki Rupï,es ESP,DF,20,0,0,,,,,,,,,,,,,,,,,,,,,,,,,,,,Real Sociedad,2023-2024,
39,Squad Total,,,25.8,38,418,3420,38,48,36,84,44,4,4,98,2,44.9,41.8,30.7,72.5,685,1414,1402,1.26,0.95,2.21,1.16,2.11,1.18,0.81,1.99,1.1,1.91,Real Sociedad,2023-2024,
40,Opponent Total,,,27.2,38,418,3420,38,38,24,62,32,6,7,100,6,41.3,36,24.6,60.5,405,941,936,1,0.63,1.63,0.84,1.47,1.09,0.65,1.73,0.95,1.59,Real Sociedad,2023-2024,
0,Josï¿½ï¿½ Luis Garcï¿½ï¿,es ESP,MF,24,,37,3302,36.7,7,1,8,0,7,8,4,0,7.3,1,3.2,4.2,30,251,43,0.19,0.03,0.22,0,0.03,0.2,0.09,0.29,0.03,0.11,Valencia,2023-2024,37
1,Giorgi Mamardashvili,ge GEO,GK,22,,37,3284,36.5,0,0,0,0,0,0,3,1,0,0,0.4,0.4,0,0,0,0,0,0,0,0,0,0.01,0.01,0,0.01,Valencia,2023-2024,37
2,Hugo Duro,es ESP,FW,23,,35,2976,33.1,13,2,15,13,0,0,4,0,11.5,11.5,1.3,12.9,27,34,157,0.39,0.06,0.45,0.39,0.45,0.35,0.04,0.39,0.35,0.39,Valencia,2023-2024,37
3,Cristhian Mosquera,es ESP,DF,19,,33,3075,34.2,0,0,0,0,0,0,2,0,0.7,0.7,0,0.7,14,77,4,0,0,0,0,0,0.02,0,0.02,0.02,0.02,Valencia,2023-2024,36
4,Diego Lï¿½ï¿,es ESP,"MF,FW",21,,30,2656,29.5,3,6,9,3,0,0,2,0,3.7,3.7,5.4,9.1,75,73,180,0.1,0.2,0.3,0.1,0.3,0.12,0.18,0.31,0.12,0.31,Valencia,2023-2024,36
5,Javier Guerra,es ESP,MF,20,,28,2498,27.8,4,1,5,4,0,0,3,1,2.7,2.7,0.9,3.6,47,81,68,0.14,0.04,0.18,0.14,0.18,0.1,0.03,0.13,0.1,0.13,Valencia,2023-2024,36
6,Francisco Perez,es ESP,"MF,FW",20,,27,2049,22.8,1,4,5,1,0,0,4,0,1.1,1.1,2.6,3.6,59,41,145,0.04,0.18,0.22,0.04,0.22,0.05,0.11,0.16,0.05,0.16,Valencia,2023-2024,32
7,Thierry Correia,pt POR,DF,24,,25,2154,23.9,0,2,2,0,0,0,4,1,0.6,0.6,2.1,2.7,40,80,56,0,0.08,0.08,0,0.08,0.03,0.09,0.11,0.03,0.11,Valencia,2023-2024,31
8,Josï¿½ï¿½ Luis G,es ESP,DF,28,,22,1791,19.9,1,2,3,1,0,0,2,0,0.5,0.5,2.6,3.1,41,72,97,0.05,0.1,0.15,0.05,0.15,0.02,0.13,0.15,0.02,0.15,Valencia,2023-2024,24
9,Dimitri Foulquier,fr FRA,"DF,MF",30,,19,1842,20.5,0,0,0,0,0,0,3,0,0.6,0.6,1.2,1.8,42,72,64,0,0,0,0,0,0.03,0.06,0.09,0.03,0.09,Valencia,2023-2024,33
10,Cenk ï¿½ï¿½zk,tr TUR,DF,22,,18,1598,17.8,0,0,0,0,0,0,3,0,0.3,0.3,0.1,0.3,17,56,5,0,0,0,0,0,0.01,0,0.02,0.01,0.02,Valencia,2023-2024,23
11,Gabriel Paulista,br BRA,DF,32,,16,1398,15.5,0,0,0,0,0,0,6,1,0.4,0.4,0.2,0.6,2,33,2,0,0,0,0,0,0.02,0.01,0.04,0.02,0.04,Valencia,2023-2024,18
12,Sergi Canï¿½,es ESP,"MF,FW",26,,15,1229,13.7,1,2,3,1,0,0,1,0,2.8,2.8,2.4,5.3,32,52,88,0.07,0.15,0.22,0.07,0.22,0.21,0.18,0.39,0.21,0.39,Valencia,2023-2024,27
13,Hugo Guillamï¿½,es ESP,MF,23,,12,1315,14.6,1,0,1,1,0,0,7,0,0.2,0.2,0.4,0.6,6,65,10,0.07,0,0.07,0.07,0.07,0.01,0.03,0.04,0.01,0.04,Valencia,2023-2024,26
14,Mouctar Diakhaby,gn GUI,"DF,MF",26,,12,1073,11.9,1,0,1,1,0,0,6,0,0.7,0.7,0,0.8,7,29,1,0.08,0,0.08,0.08,0.08,0.06,0,0.06,0.06,0.06,Valencia,2023-2024,14
15,Domingos Andrï¿½ï¿½ Ribeiro Alm,pt POR,"FW,MF",23,,12,965,10.7,2,1,3,2,0,0,0,0,0.6,0.6,1.2,1.8,24,50,33,0.19,0.09,0.28,0.19,0.28,0.05,0.11,0.17,0.05,0.17,Valencia,2023-2024,18
16,Roman Yaremchuk,ua UKR,FW,27,,11,928,10.3,3,0,3,3,0,0,2,0,4.6,4.6,0.1,4.8,12,20,46,0.29,0,0.29,0.29,0.29,0.45,0.01,0.46,0.45,0.46,Valencia,2023-2024,25
17,Yarek Gasiorowski,es ESP,DF,18,,7,735,8.2,0,0,0,0,0,0,1,0,0,0,0,0,4,15,10,0,0,0,0,0,0,0,0,0,0,Valencia,2023-2024,14
18,Selim Amallah,ma MAR,"FW,MF",26,,7,604,6.7,0,1,1,0,0,0,5,1,0.4,0.4,0.3,0.8,7,21,36,0,0.15,0.15,0,0.15,0.06,0.05,0.11,0.06,0.11,Valencia,2023-2024,20
19,Jesus Vazquez,es ESP,"DF,MF",20,,6,716,8,1,0,1,1,0,0,1,0,1.2,1.2,0.1,1.3,13,15,29,0.13,0,0.13,0.13,0.13,0.15,0.02,0.16,0.15,0.16,Valencia,2023-2024,20
20,Peter Federico,do DOM,"MF,FW",21,,5,649,7.2,0,0,0,0,0,0,1,0,1.7,1.7,1,2.7,19,16,48,0,0,0,0,0,0.24,0.14,0.38,0.24,0.38,Valencia,2023-2024,15
21,Alberto Marï¿,es ESP,FW,22,,2,276,3.1,1,1,2,0,1,1,0,0,1.8,1.2,0.9,2,2,6,13,0.33,0.33,0.65,0,0.33,0.6,0.28,0.88,0.39,0.67,Valencia,2023-2024,16
22,Pablo Gozalbez,es ESP,"MF,FW",22,,1,103,1.1,0,0,0,0,0,0,0,0,0,0,0,0,0,0,5,0,0,0,0,0,0.01,0,0.01,0.01,0.01,Valencia,2023-2024,5
23,Jaume Domï¿½ï¿½,es ESP,GK,32,,1,79,0.9,0,0,0,0,0,0,0,0,0,0,0,0,0,0,0,0,0,0,0,0,0,0,0,0,0,Valencia,2023-2024,2
24,Hugo Gonzï¿½ï¿,es ESP,"MF,FW",20,,0,87,1,0,1,1,0,0,0,0,0,0,0,0.5,0.5,2,2,7,0,1.03,1.03,0,1.03,0.02,0.53,0.55,0.02,0.55,Valencia,2023-2024,9
25,Cristian,es ESP,GK,25,,0,57,0.6,0,0,0,0,0,0,0,0,0,0,0,0,0,0,0,0,0,0,0,0,0,0,0,0,0,Valencia,2023-2024,1
26,Mario Dominguez,es ESP,FW,19,,0,25,0.3,0,0,0,0,0,0,0,0,0.2,0.2,0,0.2,0,1,1,0,0,0,0,0,0.59,0,0.59,0.59,0.59,Valencia,2023-2024,3
27,Ruben Lendinez,es ESP,DF,20,,0,11,0.1,0,0,0,0,0,0,0,0,0,0,0,0,0,0,3,0,0,0,0,0,0,0,0,0,0,Valencia,2023-2024,1
28,Cï¿½ï¿½sar Tï¿½,es ESP,DF,21,,0,8,0.1,0,0,0,0,0,0,0,0,0,0,0,0,0,0,0,0,0,0,0,0,0,0,0,0,0,Valencia,2023-2024,1
29,Vicent Abril Sanz,es ESP,GK,18,,0,,,,,,,,,,,,,,,,,,,,,,,,,,,,Valencia,2023-2024,0
30,Marco Camï¿½,es ESP,MF,21,,0,,,,,,,,,,,,,,,,,,,,,,,,,,,,Valencia,2023-2024,0
31,David Otorbi,es ESP,FW,15,,0,,,,,,,,,,,,,,,,,,,,,,,,,,,,Valencia,2023-2024,0
32,Martï¿½ï¿½n Te,es ESP,MF,19,,0,,,,,,,,,,,,,,,,,,,,,,,,,,,,Valencia,2023-2024,0
33,Squad Total,,,23.8,,418,3420,38,39,24,63,31,8,9,64,5,43.1,36.2,27,63.2,522,1162,1151,1.03,0.63,1.66,0.82,1.45,1.13,0.71,1.85,0.95,1.66,Valencia,2023-2024,38
34,Opponent Total,,,27.1,,418,3420,38,43,31,74,40,3,6,102,5,47.6,42.9,32.8,75.7,621,1587,1575,1.13,0.82,1.95,1.05,1.87,1.25,0.86,2.12,1.13,1.99,Valencia,2023-2024,38
0,Filip Jï¿½ï¿½rge,dk DEN,GK,21,,36,3240,36,0,0,0,0,0,0,4,0,0,0,0,0,0,0,0,0,0,0,0,0,0,0,0,0,0,Villarreal,2023-2024,36
1,Alex Baena,es ESP,"MF,FW",22,,33,2579,28.7,2,14,16,2,0,1,11,1,7.9,7.1,9.2,16.3,84,165,181,0.07,0.49,0.56,0.07,0.56,0.27,0.32,0.6,0.25,0.57,Villarreal,2023-2024,34
2,Alexander Sï¿½ï¿½r,no NOR,FW,27,,30,2489,27.7,23,6,29,23,0,0,3,0,12.3,12.3,4.4,16.7,48,40,159,0.83,0.22,1.05,0.83,1.05,0.44,0.16,0.6,0.44,0.6,Villarreal,2023-2024,34
3,Daniel Parejo,es ESP,MF,34,,29,2580,28.7,3,5,8,0,3,3,4,0,2.9,0.6,3,3.6,11,210,28,0.1,0.17,0.28,0,0.17,0.1,0.1,0.21,0.02,0.12,Villarreal,2023-2024,33
4,Gerard Moreno,es ESP,FW,31,,28,2215,24.6,10,6,16,8,2,3,0,0,9.7,7.3,5.3,12.6,48,155,199,0.41,0.24,0.65,0.33,0.57,0.39,0.22,0.61,0.3,0.51,Villarreal,2023-2024,30
5,Raï¿½ï¿½l Al,es ESP,DF,37,,24,2031,22.6,0,1,1,0,0,0,6,0,0.4,0.4,0.8,1.3,8,62,0,0,0.04,0.04,0,0.04,0.02,0.04,0.06,0.02,0.06,Villarreal,2023-2024,26
6,Jorge Cuenca,es ESP,DF,23,,21,1963,21.8,3,1,4,3,0,0,7,0,1.2,1.2,0.2,1.5,11,78,30,0.14,0.05,0.18,0.14,0.18,0.06,0.01,0.07,0.06,0.07,Villarreal,2023-2024,29
7,Santi Comesaï¿½,es ESP,MF,26,,20,1653,18.4,2,0,2,2,0,0,8,2,1.9,1.9,2,3.8,23,92,48,0.11,0,0.11,0.11,0.11,0.1,0.11,0.21,0.1,0.21,Villarreal,2023-2024,27
8,Ilias Akhomach,ma MAR,"MF,FW",19,,17,1511,16.8,2,2,4,2,0,0,4,0,3.2,3.2,2.6,5.7,68,45,160,0.12,0.12,0.24,0.12,0.24,0.19,0.15,0.34,0.19,0.34,Villarreal,2023-2024,31
9,Alberto Moreno,es ESP,DF,31,,17,1484,16.5,2,2,4,2,0,0,5,2,0.7,0.7,1.6,2.4,26,55,79,0.12,0.12,0.24,0.12,0.24,0.04,0.1,0.14,0.04,0.14,Villarreal,2023-2024,27
10,Kiko Femenï¿½,es ESP,DF,32,,16,1583,17.6,0,0,0,0,0,0,8,1,0,0,0.6,0.6,46,100,45,0,0,0,0,0,0,0.04,0.04,0,0.04,Villarreal,2023-2024,23
11,ýýtienne Capoue,fr FRA,MF,35,,15,1455,16.2,1,1,2,1,0,0,8,0,1,1,0.6,1.6,24,80,38,0.06,0.06,0.12,0.06,0.12,0.06,0.04,0.1,0.06,0.1,Villarreal,2023-2024,32
12,Yerson Mosquera,co COL,DF,22,,14,1229,13.7,2,1,3,2,0,0,4,0,1.6,1.6,0.3,1.9,8,36,12,0.15,0.07,0.22,0.15,0.22,0.11,0.02,0.14,0.11,0.14,Villarreal,2023-2024,16
13,Alfonso Pedraza,es ESP,DF,27,,14,1116,12.4,1,3,4,1,0,0,4,1,0.6,0.6,3.6,4.2,56,31,97,0.08,0.24,0.32,0.08,0.32,0.05,0.29,0.34,0.05,0.34,Villarreal,2023-2024,19
14,Aï¿½ï¿½ssa M,dz ALG,DF,31,,12,1113,12.4,1,0,1,1,0,0,3,0,0.6,0.6,0.7,1.3,6,55,4,0.08,0,0.08,0.08,0.08,0.05,0.05,0.1,0.05,0.1,Villarreal,2023-2024,16
15,Juan Foyth,ar ARG,DF,25,,12,1062,11.8,1,1,2,1,0,0,1,0,0.4,0.4,0.9,1.3,19,51,28,0.08,0.08,0.17,0.08,0.17,0.03,0.08,0.11,0.03,0.11,Villarreal,2023-2024,12
16,Francis Coquelin,fr FRA,MF,32,,10,910,10.1,0,0,0,0,0,0,4,0,0.1,0.1,0.1,0.2,5,47,14,0,0,0,0,0,0.01,0.01,0.02,0.01,0.02,Villarreal,2023-2024,17
17,Adriï¿½ï¿½ Alti,es ESP,"DF,MF",22,,10,775,8.6,0,0,0,0,0,0,3,0,0,0,0.1,0.1,10,29,15,0,0,0,0,0,0,0.01,0.02,0,0.02,Villarreal,2023-2024,11
18,Gonï¿½ï¿½alo Gu,pt POR,"FW,MF",26,,9,951,10.6,3,2,5,3,0,0,0,0,2.3,2.3,1.5,3.8,38,50,88,0.28,0.19,0.47,0.28,0.47,0.22,0.14,0.36,0.22,0.36,Villarreal,2023-2024,17
19,Eric Bailly,ci CIV,DF,29,,9,839,9.3,0,0,0,0,0,0,4,0,0.2,0.2,0,0.2,3,18,1,0,0,0,0,0,0.02,0,0.02,0.02,0.02,Villarreal,2023-2024,10
20,Josï¿½ï¿½ Luis Mor,es ESP,"FW,MF",36,,8,1048,11.6,7,0,7,7,0,0,0,0,5.6,5.6,0.6,6.1,29,17,79,0.6,0,0.6,0.6,0.6,0.48,0.05,0.52,0.48,0.52,Villarreal,2023-2024,29
21,Yeremi Pino,es ESP,"MF,FW",20,,7,475,5.3,0,0,0,0,0,0,4,0,1.4,1.4,0.2,1.7,11,10,49,0,0,0,0,0,0.27,0.05,0.31,0.27,0.31,Villarreal,2023-2024,7
22,Ramï¿½ï¿½n Ter,es ESP,"MF,DF",22,,6,785,8.7,0,2,2,0,0,0,4,0,0.4,0.4,1.6,1.9,19,38,54,0,0.23,0.23,0,0.23,0.04,0.18,0.22,0.04,0.22,Villarreal,2023-2024,19
23,Bertrand Traorï¿,bf BFA,MF,27,,6,568,6.3,1,0,1,1,0,0,4,0,0.9,0.9,0.4,1.3,29,30,63,0.16,0,0.16,0.16,0.16,0.15,0.06,0.21,0.15,0.21,Villarreal,2023-2024,11
24,Matteo Gabbia,it ITA,DF,23,,6,477,5.3,0,0,0,0,0,0,2,0,0,0,0.1,0.1,1,9,0,0,0,0,0,0,0,0.02,0.02,0,0.02,Villarreal,2023-2024,7
25,Manu Trigueros,es ESP,MF,31,,2,309,3.4,0,0,0,0,0,0,0,0,0.5,0.5,0.2,0.7,7,20,13,0,0,0,0,0,0.13,0.07,0.2,0.13,0.2,Villarreal,2023-2024,14
26,Ben Brereton,cl CHI,"FW,MF",24,,2,270,3,0,0,0,0,0,0,2,0,0.2,0.2,0.3,0.5,6,14,35,0,0,0,0,0,0.07,0.09,0.16,0.07,0.16,Villarreal,2023-2024,14
27,Carlos Romero,es ESP,DF,21,,2,262,2.9,0,0,0,0,0,0,1,0,0.4,0.4,0,0.4,6,6,21,0,0,0,0,0,0.14,0,0.14,0.14,0.14,Villarreal,2023-2024,7
28,Pepe Reina,es ESP,GK,40,,2,180,2,0,0,0,0,0,0,2,1,0,0,0,0,0,0,0,0,0,0,0,0,0,0,0,0,0,Villarreal,2023-2024,2
29,Denis Suï¿½ï¿,es ESP,"MF,FW",29,,1,133,1.5,0,0,0,0,0,0,0,0,0.1,0.1,0.3,0.4,4,13,7,0,0,0,0,0,0.06,0.18,0.24,0.06,0.24,Villarreal,2023-2024,4
30,Stefan Lekovic,rs SRB,DF,19,,0,29,0.3,0,0,0,0,0,0,0,0,0,0,0,0,0,0,0,0,0,0,0,0,0,0,0,0,0,Villarreal,2023-2024,1
31,Pascu,es ESP,FW,20,,0,14,0.2,0,0,0,0,0,0,0,0,0,0,0,0,0,2,1,0,0,0,0,0,0,0,0,0,0,Villarreal,2023-2024,1
32,Iker ï¿½ï¿½lv,ad AND,GK,22,,0,,,,,,,,,,,,,,,,,,,,,,,,,,,,Villarreal,2023-2024,0
33,Daniel Budesca,es ESP,DF,17,,0,,,,,,,,,,,,,,,,,,,,,,,,,,,,Villarreal,2023-2024,0
34,Abraham Rando,es ESP,DF,22,,0,,,,,,,,,,,,,,,,,,,,,,,,,,,,Villarreal,2023-2024,0
35,Squad Total,,,27.9,,418,3420,38,64,47,111,59,5,7,110,8,55.6,50.1,40.5,90.6,654,1558,1548,1.68,1.24,2.92,1.55,2.79,1.46,1.07,2.53,1.32,2.38,Villarreal,2023-2024,38
36,Opponent Total,,,27.1,,418,3420,38,64,48,112,58,6,6,91,2,58.7,54,40.6,94.6,734,1655,1644,1.68,1.26,2.95,1.53,2.79,1.54,1.07,2.61,1.42,2.49,Villarreal,2023-2024,38
